{"stats":{"minecraft:dropped":{"minecraft:porkchop":7,"minecraft:diamond_axe":1,"minecraft:lapis_lazuli":2,"minecraft:oak_log":4,"minecraft:diamond":27,"minecraft:crafting_table":1,"minecraft:crossbow":1,"minecraft:dirt":39,"minecraft:gold_nugget":3,"minecraft:sand":49,"minecraft:iron_pickaxe":2,"minecraft:gold_ingot":11,"minecraft:bone":5,"minecraft:stone_axe":1,"minecraft:blackstone":16,"minecraft:lever":2,"minecraft:diamond_block":9,"minecraft:iron_nugget":3,"minecraft:cobbled_deepslate":51,"minecraft:wheat":6,"minecraft:rotten_flesh":8,"minecraft:oak_planks":51,"minecraft:poppy":1,"minecraft:gunpowder":20,"minecraft:dropper":1,"minecraft:leather_leggings":2,"minecraft:arrow":71,"minecraft:beef":6,"minecraft:splash_potion":1,"minecraft:netherrack":8,"minecraft:golden_boots":2,"minecraft:bread":3,"minecraft:oak_slab":11,"minecraft:wheat_seeds":19,"minecraft:poisonous_potato":2,"minecraft:cobblestone":1,"minecraft:iron_helmet":2,"minecraft:spectral_arrow":6,"minecraft:granite":20,"minecraft:chainmail_helmet":2,"minecraft:coal":4,"minecraft:stick":4,"minecraft:diorite":9,"minecraft:torch":11,"minecraft:cooked_salmon":3,"minecraft:fire_charge":2,"minecraft:potion":2,"minecraft:iron_leggings":2,"minecraft:iron_axe":4,"minecraft:string":12,"minecraft:bucket":5,"minecraft:redstone_block":1,"minecraft:kelp":9,"minecraft:oak_trapdoor":4,"minecraft:raw_copper":10,"minecraft:composter":2,"minecraft:iron_hoe":3,"minecraft:shears":11,"minecraft:flint_and_steel":2,"minecraft:suspicious_stew":2,"minecraft:filled_map":1,"minecraft:potato":7,"minecraft:iron_chestplate":2,"minecraft:andesite":51,"minecraft:oak_boat":2,"minecraft:spider_eye":9,"minecraft:bow":19,"minecraft:wooden_pickaxe":1,"minecraft:stone_pickaxe":8},"minecraft:mined":{"minecraft:spruce_planks":3,"minecraft:white_bed":6,"minecraft:oak_sapling":1,"minecraft:obsidian":69,"minecraft:granite":46,"minecraft:grass_block":113,"minecraft:cracked_polished_blackstone_bricks":2,"minecraft:hopper":18,"minecraft:composter":7,"minecraft:polished_blackstone_bricks":12,"minecraft:cobbled_deepslate":8,"minecraft:barrel":3,"minecraft:iron_ore":150,"minecraft:fire":54,"minecraft:granite_slab":5,"minecraft:fletching_table":7,"minecraft:deepslate_lapis_ore":43,"minecraft:polished_deepslate_slab":9,"minecraft:oak_stairs":1,"minecraft:tripwire":19,"minecraft:deepslate_redstone_ore":215,"minecraft:crimson_nylium":3,"minecraft:soul_fire":2,"minecraft:deepslate_tile_slab":3,"minecraft:torch":5,"minecraft:blast_furnace":13,"minecraft:poppy":1,"minecraft:chest":13,"minecraft:nether_quartz_ore":98,"minecraft:cobblestone":40,"minecraft:oak_planks":13,"minecraft:grindstone":2,"minecraft:sugar_cane":639,"minecraft:repeater":3,"minecraft:jukebox":1,"minecraft:tnt":3,"minecraft:grass":221,"minecraft:oak_log":266,"minecraft:sand":62,"minecraft:dirt":40,"minecraft:tripwire_hook":19,"minecraft:stonecutter":16,"minecraft:netherrack":1450,"minecraft:oak_leaves":226,"minecraft:deepslate":977,"minecraft:nether_gold_ore":12,"minecraft:diamond_ore":1,"minecraft:tuff":57,"minecraft:deepslate_diamond_ore":216,"minecraft:lever":13,"minecraft:cobbled_deepslate_slab":12,"minecraft:redstone_wire":1,"minecraft:hay_block":15,"minecraft:diorite_slab":9,"minecraft:redstone_ore":25,"minecraft:oak_trapdoor":41,"minecraft:carrots":80,"minecraft:andesite":61,"minecraft:gold_block":16,"minecraft:potatoes":86,"minecraft:cobblestone_slab":95,"minecraft:deepslate_iron_ore":6,"minecraft:stone":1871,"minecraft:smithing_table":4,"minecraft:comparator":2,"minecraft:soul_sand":12,"minecraft:observer":9,"minecraft:oak_fence":1,"minecraft:crafting_table":21,"minecraft:dropper":1,"minecraft:campfire":9,"minecraft:lectern":55,"minecraft:copper_ore":1,"minecraft:tall_grass":15,"minecraft:deepslate_gold_ore":2,"minecraft:lapis_ore":14,"minecraft:diorite":83,"minecraft:spruce_log":2,"minecraft:birch_leaves":3,"minecraft:yellow_bed":2,"minecraft:coal_ore":196,"minecraft:gravel":31,"minecraft:gold_ore":5},"minecraft:custom":{"minecraft:interact_with_crafting_table":114,"minecraft:open_barrel":18,"minecraft:leave_game":16,"minecraft:time_since_death":411984,"minecraft:sprint_one_cm":1109960,"minecraft:damage_blocked_by_shield":4125,"minecraft:drop":298,"minecraft:talked_to_villager":295,"minecraft:play_time":662826,"minecraft:deaths":5,"minecraft:jump":12745,"minecraft:walk_on_water_one_cm":233964,"minecraft:enchant_item":22,"minecraft:interact_with_furnace":63,"minecraft:play_record":7,"minecraft:traded_with_villager":201,"minecraft:sleep_in_bed":9,"minecraft:damage_dealt":30960,"minecraft:crouch_one_cm":505743,"minecraft:interact_with_smoker":1,"minecraft:inspect_dispenser":81,"minecraft:horse_one_cm":4314,"minecraft:interact_with_smithing_table":2,"minecraft:mob_kills":141,"minecraft:inspect_hopper":19,"minecraft:walk_one_cm":1756047,"minecraft:sneak_time":115256,"minecraft:walk_under_water_one_cm":115518,"minecraft:boat_one_cm":312655,"minecraft:interact_with_blast_furnace":23,"minecraft:total_world_time":662826,"minecraft:interact_with_grindstone":17,"minecraft:interact_with_stonecutter":16,"minecraft:time_since_rest":165268,"minecraft:damage_taken":12422,"minecraft:swim_one_cm":350804,"minecraft:fly_one_cm":1928175,"minecraft:open_chest":460,"minecraft:fall_one_cm":404182},"minecraft:crafted":{"minecraft:smooth_stone":7,"minecraft:oak_planks":936,"minecraft:chainmail_helmet":2,"minecraft:lever":2,"minecraft:diamond_shovel":1,"minecraft:bookshelf":1,"minecraft:hopper":9,"minecraft:repeater":38,"minecraft:diamond_helmet":1,"minecraft:diamond_leggings":1,"minecraft:bow":20,"minecraft:comparator":1,"minecraft:chest":27,"minecraft:netherite_upgrade_smithing_template":22,"minecraft:golden_boots":1,"minecraft:dropper":2,"minecraft:oak_slab":30,"minecraft:arrow":64,"minecraft:emerald":160,"minecraft:diamond_axe":1,"minecraft:crafting_table":7,"minecraft:spruce_planks":8,"minecraft:wooden_pickaxe":1,"minecraft:iron_helmet":1,"minecraft:smithing_table":1,"minecraft:fletching_table":1,"minecraft:campfire":9,"minecraft:dispenser":12,"minecraft:lectern":1,"minecraft:iron_chestplate":1,"minecraft:book":5,"minecraft:diamond_pickaxe":4,"minecraft:shield":2,"minecraft:stick":1130,"minecraft:iron_ingot":415,"minecraft:iron_pickaxe":3,"minecraft:iron_block":10,"minecraft:gold_ingot":23,"minecraft:redstone_torch":102,"minecraft:composter":2,"minecraft:shears":2,"minecraft:redstone":145,"minecraft:coal":117,"minecraft:tripwire_hook":4,"minecraft:jukebox":1,"minecraft:diamond_hoe":2,"minecraft:furnace":4,"minecraft:blast_furnace":2,"minecraft:diamond_block":21,"minecraft:oak_trapdoor":18,"minecraft:flint_and_steel":1,"minecraft:diamond":90,"minecraft:iron_axe":1,"minecraft:iron_hoe":1,"minecraft:stone_pickaxe":5,"minecraft:diamond_boots":1,"minecraft:redstone_block":106,"minecraft:observer":14,"minecraft:wheat":126,"minecraft:coal_block":15,"minecraft:crossbow":3,"minecraft:enchanting_table":1,"minecraft:iron_sword":1,"minecraft:bucket":12,"minecraft:stone_axe":1,"minecraft:enchanted_book":2,"minecraft:bread":52,"minecraft:air":0,"minecraft:oak_boat":2,"minecraft:iron_leggings":1,"minecraft:stonecutter":1,"minecraft:white_bed":1,"minecraft:torch":16,"minecraft:lapis_block":16,"minecraft:diamond_chestplate":1},"minecraft:picked_up":{"minecraft:iron_chestplate":2,"minecraft:wheat":6,"minecraft:redstone_block":9,"minecraft:smithing_table":4,"minecraft:enchanted_book":1,"minecraft:potion":6,"minecraft:music_disc_cat":1,"minecraft:string":1119,"minecraft:raw_copper":10,"minecraft:cooked_salmon":3,"minecraft:iron_leggings":1,"minecraft:activator_rail":2,"minecraft:gold_nugget":51,"minecraft:cobbled_deepslate":358,"minecraft:comparator":2,"minecraft:bucket":7,"minecraft:cobblestone_slab":97,"minecraft:netherite_upgrade_smithing_template":1,"minecraft:iron_pickaxe":4,"minecraft:iron_boots":1,"minecraft:stick":51,"minecraft:jukebox":1,"minecraft:composter":9,"minecraft:oak_fence":1,"minecraft:torch":75,"minecraft:porkchop":13,"minecraft:diorite":83,"minecraft:music_disc_pigstep":6,"minecraft:rotten_flesh":46,"minecraft:obsidian":119,"minecraft:cobblestone":1636,"minecraft:repeater":22,"minecraft:water_bucket":1,"minecraft:andesite":59,"minecraft:potato":466,"minecraft:flint":11,"minecraft:tuff":57,"minecraft:dirt":169,"minecraft:lapis_lazuli":449,"minecraft:bone":43,"minecraft:stonecutter":16,"minecraft:bow":19,"minecraft:wheat_seeds":37,"minecraft:raw_gold":12,"minecraft:cobbled_deepslate_slab":12,"minecraft:grindstone":2,"minecraft:fletching_table":7,"minecraft:powered_rail":5,"minecraft:oak_planks":68,"minecraft:poisonous_potato":3,"minecraft:dropper":1,"minecraft:sand":50,"minecraft:granite_slab":4,"minecraft:grass_block":1,"minecraft:diamond_block":9,"minecraft:spectral_arrow":87,"minecraft:barrel":2,"minecraft:iron_hoe":4,"minecraft:snout_armor_trim_smithing_template":1,"minecraft:diamond":262,"minecraft:lever":21,"minecraft:crossbow":1,"minecraft:granite":44,"minecraft:golden_apple":4,"minecraft:bread":38,"minecraft:oak_sapling":70,"minecraft:netherrack":1189,"minecraft:diamond_pickaxe":2,"minecraft:crafting_table":21,"minecraft:splash_potion":3,"minecraft:leather_leggings":2,"minecraft:gold_block":32,"minecraft:diorite_slab":6,"minecraft:shield":2,"minecraft:oak_trapdoor":43,"minecraft:iron_axe":5,"minecraft:flint_and_steel":3,"minecraft:blackstone":16,"minecraft:beef":6,"minecraft:oak_boat":12,"minecraft:observer":8,"minecraft:iron_nugget":21,"minecraft:poppy":13,"minecraft:lectern":55,"minecraft:sugar_cane":1094,"minecraft:chest":13,"minecraft:egg":1,"minecraft:raw_iron":331,"minecraft:polished_deepslate_slab":6,"minecraft:stone":197,"minecraft:fire_charge":2,"minecraft:carrot":443,"minecraft:redstone":1330,"minecraft:tnt":3,"minecraft:arrow":32,"minecraft:shears":10,"minecraft:hay_block":29,"minecraft:saddle":1,"minecraft:gold_ingot":1,"minecraft:mutton":7,"minecraft:rail":16,"minecraft:white_wool":4,"minecraft:tripwire_hook":38,"minecraft:leather":13,"minecraft:oak_log":275,"minecraft:golden_boots":2,"minecraft:yellow_bed":2,"minecraft:gunpowder":25,"minecraft:deepslate_tile_slab":5,"minecraft:apple":4,"minecraft:kelp":9,"minecraft:heart_of_the_sea":1,"minecraft:iron_ingot":98,"minecraft:stone_pickaxe":3,"minecraft:iron_sword":1,"minecraft:book":8,"minecraft:quartz":157,"minecraft:gravel":42,"minecraft:blast_furnace":13,"minecraft:white_bed":6,"minecraft:spruce_log":2,"minecraft:spider_eye":9,"minecraft:iron_helmet":1,"minecraft:diamond_axe":1,"minecraft:baked_potato":23,"minecraft:melon_seeds":4,"minecraft:coal":387,"minecraft:hopper":18,"minecraft:ender_pearl":6},"minecraft:broken":{"minecraft:diamond_pickaxe":1,"minecraft:iron_sword":1,"minecraft:shield":1,"minecraft:iron_pickaxe":2},"minecraft:used":{"minecraft:dispenser":10,"minecraft:poppy":12,"minecraft:chest":31,"minecraft:shield":56,"minecraft:iron_sword":479,"minecraft:rotten_flesh":9,"minecraft:iron_chestplate":1,"minecraft:mutton":7,"minecraft:carrot":113,"minecraft:deepslate_tile_slab":132,"minecraft:tuff":57,"minecraft:obsidian":10,"minecraft:lava_bucket":45,"minecraft:music_disc_pigstep":7,"minecraft:grass_block":1,"minecraft:iron_helmet":1,"minecraft:repeater":52,"minecraft:bow":41,"minecraft:hay_block":1,"minecraft:furnace":2,"minecraft:oak_sapling":64,"minecraft:egg":1,"minecraft:potato":109,"minecraft:golden_boots":2,"minecraft:diorite":1,"minecraft:dropper":1,"minecraft:stone_pickaxe":44,"minecraft:oak_planks":24,"minecraft:wooden_pickaxe":18,"minecraft:composter":7,"minecraft:diamond_axe":197,"minecraft:sugar_cane":83,"minecraft:sand":1,"minecraft:blast_furnace":15,"minecraft:crossbow":4,"minecraft:shears":307,"minecraft:lever":21,"minecraft:bread":58,"minecraft:string":624,"minecraft:lectern":56,"minecraft:gravel":26,"minecraft:granite_slab":41,"minecraft:fire_charge":2,"minecraft:grindstone":2,"minecraft:smithing_table":5,"minecraft:andesite":6,"minecraft:oak_boat":12,"minecraft:diorite_slab":151,"minecraft:oak_trapdoor":57,"minecraft:oak_fence":1,"minecraft:enchanting_table":1,"minecraft:flint_and_steel":4,"minecraft:redstone":4,"minecraft:cooked_salmon":6,"minecraft:netherrack":1523,"minecraft:torch":20,"minecraft:dirt":130,"minecraft:hopper":27,"minecraft:granite":5,"minecraft:iron_hoe":1,"minecraft:iron_axe":220,"minecraft:barrel":2,"minecraft:bamboo":6,"minecraft:tripwire_hook":42,"minecraft:cobbled_deepslate":60,"minecraft:observer":20,"minecraft:water_bucket":208,"minecraft:baked_potato":1,"minecraft:stonecutter":16,"minecraft:fletching_table":8,"minecraft:cobblestone_slab":2233,"minecraft:polished_deepslate_slab":70,"minecraft:comparator":3,"minecraft:tnt":5,"minecraft:oak_slab":1,"minecraft:crafting_table":27,"minecraft:campfire":9,"minecraft:white_bed":7,"minecraft:oak_log":2,"minecraft:diamond_pickaxe":5496,"minecraft:apple":4,"minecraft:diamond_shovel":75,"minecraft:iron_pickaxe":507,"minecraft:stone_axe":59,"minecraft:cobblestone":133,"minecraft:cobbled_deepslate_slab":276,"minecraft:cooked_porkchop":1,"minecraft:porkchop":6,"minecraft:bucket":274,"minecraft:yellow_bed":2,"minecraft:jukebox":2},"minecraft:killed":{"minecraft:witch":1,"minecraft:spider":25,"minecraft:skeleton":23,"minecraft:pig":3,"minecraft:iron_golem":9,"minecraft:creeper":16,"minecraft:sheep":4,"minecraft:zombie":48,"minecraft:glow_squid":1,"minecraft:cow":3,"minecraft:phantom":3,"minecraft:drowned":1},"minecraft:killed_by":{"minecraft:zombie":1,"minecraft:iron_golem":1}},"DataVersion":3465}