{"stats":{"minecraft:killed":{"minecraft:spider":9,"minecraft:skeleton":4,"minecraft:drowned":1,"minecraft:pig":3,"minecraft:iron_golem":1,"minecraft:creeper":3,"minecraft:sheep":3,"minecraft:zombie":13,"minecraft:cow":3},"minecraft:crafted":{"minecraft:oak_planks":372,"minecraft:tripwire_hook":4,"minecraft:jukebox":1,"minecraft:lever":1,"minecraft:oak_trapdoor":18,"minecraft:flint_and_steel":1,"minecraft:bow":8,"minecraft:iron_axe":1,"minecraft:iron_hoe":1,"minecraft:stone_pickaxe":1,"minecraft:chest":1,"minecraft:golden_boots":1,"minecraft:oak_slab":18,"minecraft:crossbow":1,"minecraft:arrow":64,"minecraft:emerald":31,"minecraft:crafting_table":4,"minecraft:spruce_planks":8,"minecraft:enchanting_table":1,"minecraft:wooden_pickaxe":1,"minecraft:fletching_table":1,"minecraft:bucket":1,"minecraft:stone_axe":1,"minecraft:bread":10,"minecraft:oak_boat":2,"minecraft:book":5,"minecraft:shield":1,"minecraft:stick":494,"minecraft:iron_ingot":14,"minecraft:iron_pickaxe":2,"minecraft:gold_ingot":18,"minecraft:white_bed":1,"minecraft:composter":2,"minecraft:torch":4,"minecraft:shears":1},"minecraft:dropped":{"minecraft:bread":3,"minecraft:oak_slab":4,"minecraft:porkchop":7,"minecraft:wheat_seeds":14,"minecraft:diamond_axe":1,"minecraft:lapis_lazuli":1,"minecraft:oak_log":4,"minecraft:crafting_table":1,"minecraft:poisonous_potato":2,"minecraft:spectral_arrow":6,"minecraft:dirt":30,"minecraft:torch":2,"minecraft:cooked_salmon":3,"minecraft:fire_charge":1,"minecraft:potion":2,"minecraft:sand":49,"minecraft:iron_axe":3,"minecraft:iron_pickaxe":1,"minecraft:string":3,"minecraft:bucket":4,"minecraft:gold_ingot":11,"minecraft:bone":1,"minecraft:stone_axe":1,"minecraft:kelp":9,"minecraft:blackstone":16,"minecraft:lever":2,"minecraft:oak_trapdoor":4,"minecraft:iron_nugget":3,"minecraft:composter":2,"minecraft:rotten_flesh":7,"minecraft:oak_planks":26,"minecraft:iron_hoe":1,"minecraft:shears":11,"minecraft:suspicious_stew":2,"minecraft:filled_map":1,"minecraft:potato":7,"minecraft:leather_leggings":1,"minecraft:spider_eye":4,"minecraft:bow":12,"minecraft:wooden_pickaxe":1,"minecraft:arrow":1,"minecraft:beef":6,"minecraft:stone_pickaxe":2,"minecraft:netherrack":5},"minecraft:used":{"minecraft:oak_trapdoor":43,"minecraft:enchanting_table":1,"minecraft:flint_and_steel":1,"minecraft:poppy":1,"minecraft:chest":1,"minecraft:shield":7,"minecraft:iron_sword":99,"minecraft:cooked_salmon":6,"minecraft:netherrack":472,"minecraft:torch":8,"minecraft:dirt":49,"minecraft:mutton":7,"minecraft:obsidian":10,"minecraft:iron_hoe":1,"minecraft:lava_bucket":45,"minecraft:music_disc_pigstep":7,"minecraft:iron_axe":84,"minecraft:barrel":2,"minecraft:bamboo":6,"minecraft:tripwire_hook":34,"minecraft:hay_block":1,"minecraft:oak_sapling":1,"minecraft:egg":1,"minecraft:potato":29,"minecraft:golden_boots":1,"minecraft:water_bucket":53,"minecraft:stone_pickaxe":44,"minecraft:oak_planks":14,"minecraft:baked_potato":1,"minecraft:wooden_pickaxe":18,"minecraft:composter":7,"minecraft:diamond_axe":7,"minecraft:fletching_table":6,"minecraft:sand":1,"minecraft:tnt":5,"minecraft:crafting_table":8,"minecraft:white_bed":7,"minecraft:shears":227,"minecraft:oak_log":1,"minecraft:lever":16,"minecraft:diamond_pickaxe":454,"minecraft:bread":12,"minecraft:string":466,"minecraft:iron_pickaxe":250,"minecraft:gravel":26,"minecraft:stone_axe":59,"minecraft:fire_charge":2,"minecraft:cobblestone":47,"minecraft:porkchop":6,"minecraft:cooked_porkchop":1,"minecraft:bucket":98,"minecraft:yellow_bed":2,"minecraft:oak_boat":12,"minecraft:jukebox":2},"minecraft:picked_up":{"minecraft:crafting_table":5,"minecraft:splash_potion":1,"minecraft:gold_block":16,"minecraft:potion":5,"minecraft:string":746,"minecraft:oak_trapdoor":33,"minecraft:iron_axe":3,"minecraft:cooked_salmon":3,"minecraft:blackstone":16,"minecraft:bucket":4,"minecraft:beef":6,"minecraft:oak_boat":10,"minecraft:iron_nugget":21,"minecraft:poppy":1,"minecraft:iron_pickaxe":1,"minecraft:egg":1,"minecraft:stick":8,"minecraft:jukebox":1,"minecraft:composter":7,"minecraft:torch":6,"minecraft:porkchop":13,"minecraft:fire_charge":2,"minecraft:music_disc_pigstep":6,"minecraft:tnt":3,"minecraft:arrow":1,"minecraft:rotten_flesh":10,"minecraft:shears":10,"minecraft:hay_block":15,"minecraft:gold_ingot":1,"minecraft:obsidian":64,"minecraft:mutton":7,"minecraft:white_wool":4,"minecraft:cobblestone":54,"minecraft:tripwire_hook":34,"minecraft:leather":9,"minecraft:potato":36,"minecraft:flint":5,"minecraft:oak_log":98,"minecraft:yellow_bed":2,"minecraft:dirt":79,"minecraft:bone":1,"minecraft:kelp":9,"minecraft:bow":9,"minecraft:wheat_seeds":14,"minecraft:iron_ingot":4,"minecraft:stone_pickaxe":1,"minecraft:fletching_table":5,"minecraft:oak_planks":37,"minecraft:gravel":42,"minecraft:sand":50,"minecraft:white_bed":6,"minecraft:spruce_log":2,"minecraft:barrel":2,"minecraft:spider_eye":4,"minecraft:spectral_arrow":33,"minecraft:iron_hoe":1,"minecraft:lever":17,"minecraft:diamond_axe":1,"minecraft:bread":2,"minecraft:baked_potato":1,"minecraft:oak_sapling":7,"minecraft:netherrack":492,"minecraft:coal":13,"minecraft:ender_pearl":3},"minecraft:broken":{"minecraft:iron_pickaxe":1},"minecraft:mined":{"minecraft:spruce_planks":3,"minecraft:white_bed":6,"minecraft:obsidian":69,"minecraft:lever":11,"minecraft:grass_block":35,"minecraft:cracked_polished_blackstone_bricks":2,"minecraft:composter":5,"minecraft:hay_block":15,"minecraft:polished_blackstone_bricks":12,"minecraft:oak_trapdoor":31,"minecraft:barrel":3,"minecraft:fire":53,"minecraft:fletching_table":5,"minecraft:gold_block":16,"minecraft:potatoes":6,"minecraft:oak_stairs":1,"minecraft:stone":53,"minecraft:tripwire":15,"minecraft:soul_sand":12,"minecraft:crimson_nylium":3,"minecraft:soul_fire":2,"minecraft:crafting_table":5,"minecraft:torch":5,"minecraft:cobblestone":8,"minecraft:oak_planks":7,"minecraft:spruce_log":2,"minecraft:jukebox":1,"minecraft:birch_leaves":2,"minecraft:tnt":3,"minecraft:yellow_bed":2,"minecraft:grass":45,"minecraft:coal_ore":13,"minecraft:oak_log":94,"minecraft:gravel":30,"minecraft:sand":62,"minecraft:dirt":33,"minecraft:tripwire_hook":17,"minecraft:netherrack":583,"minecraft:oak_leaves":22},"minecraft:custom":{"minecraft:mob_kills":42,"minecraft:interact_with_crafting_table":24,"minecraft:open_barrel":10,"minecraft:leave_game":9,"minecraft:time_since_death":210218,"minecraft:sprint_one_cm":341163,"minecraft:walk_one_cm":611024,"minecraft:damage_blocked_by_shield":405,"minecraft:drop":147,"minecraft:talked_to_villager":37,"minecraft:play_time":210218,"minecraft:sneak_time":27436,"minecraft:walk_under_water_one_cm":22672,"minecraft:boat_one_cm":312655,"minecraft:jump":3646,"minecraft:interact_with_blast_furnace":1,"minecraft:walk_on_water_one_cm":114921,"minecraft:total_world_time":210218,"minecraft:play_record":7,"minecraft:traded_with_villager":45,"minecraft:sleep_in_bed":2,"minecraft:time_since_rest":108233,"minecraft:damage_taken":493,"minecraft:damage_dealt":8019,"minecraft:swim_one_cm":79326,"minecraft:fly_one_cm":585328,"minecraft:open_chest":29,"minecraft:crouch_one_cm":108753,"minecraft:fall_one_cm":84340}},"DataVersion":3465}