{"stats":{"minecraft:dropped":{"minecraft:wheat_seeds":3,"minecraft:wheat":1,"minecraft:rotten_flesh":1},"minecraft:crafted":{"minecraft:cooked_cod":4,"minecraft:crafting_table":2,"minecraft:wooden_pickaxe":1,"minecraft:baked_potato":5,"minecraft:iron_sword":1,"minecraft:furnace":1,"minecraft:bucket":1,"minecraft:birch_planks":32,"minecraft:air":0,"minecraft:iron_chestplate":1,"minecraft:stick":24,"minecraft:iron_ingot":29,"minecraft:iron_pickaxe":2,"minecraft:stone_pickaxe":1,"minecraft:chest":1,"minecraft:iron_leggings":1,"minecraft:torch":8},"minecraft:killed":{"minecraft:salmon":3,"minecraft:spider":1,"minecraft:cod":4,"minecraft:skeleton":1,"minecraft:zombie":1},"minecraft:mined":{"minecraft:deepslate_diamond_ore":2,"minecraft:sculk_vein":4,"minecraft:crafting_table":1,"minecraft:grass_block":7,"minecraft:sculk_sensor":5,"minecraft:sculk":15,"minecraft:wall_torch":1,"minecraft:furnace":1,"minecraft:birch_log":8,"minecraft:iron_ore":23,"minecraft:wheat":1,"minecraft:andesite":13,"minecraft:birch_leaves":2,"minecraft:sculk_shrieker":1,"minecraft:potatoes":1,"minecraft:coal_ore":90,"minecraft:deepslate_iron_ore":14,"minecraft:dirt":4,"minecraft:stone":168,"minecraft:netherrack":10,"minecraft:oak_leaves":8,"minecraft:deepslate":5},"minecraft:used":{"minecraft:wheat_seeds":1,"minecraft:water_bucket":2,"minecraft:stone_pickaxe":128,"minecraft:baked_potato":9,"minecraft:chest":1,"minecraft:wooden_pickaxe":4,"minecraft:iron_sword":18,"minecraft:netherrack":2,"minecraft:iron_chestplate":1,"minecraft:salmon":3,"minecraft:torch":2,"minecraft:dirt":1,"minecraft:crafting_table":3,"minecraft:lava_bucket":1,"minecraft:iron_pickaxe":197,"minecraft:cobblestone":1,"minecraft:furnace":1,"minecraft:oak_sapling":1,"minecraft:cooked_cod":4,"minecraft:bucket":3,"minecraft:potato":1,"minecraft:iron_leggings":1},"minecraft:custom":{"minecraft:interact_with_furnace":20,"minecraft:mob_kills":10,"minecraft:interact_with_crafting_table":15,"minecraft:open_barrel":3,"minecraft:leave_game":7,"minecraft:time_since_death":58726,"minecraft:sleep_in_bed":1,"minecraft:time_since_rest":38972,"minecraft:sprint_one_cm":163170,"minecraft:damage_taken":1042,"minecraft:walk_one_cm":122481,"minecraft:drop":3,"minecraft:damage_dealt":770,"minecraft:talked_to_villager":1,"minecraft:swim_one_cm":55548,"minecraft:fly_one_cm":226477,"minecraft:open_chest":7,"minecraft:crouch_one_cm":10874,"minecraft:play_time":81982,"minecraft:deaths":2,"minecraft:sneak_time":4323,"minecraft:walk_under_water_one_cm":22358,"minecraft:jump":1259,"minecraft:walk_on_water_one_cm":13807,"minecraft:total_world_time":81982,"minecraft:interact_with_smoker":4,"minecraft:fall_one_cm":28901},"minecraft:picked_up":{"minecraft:birch_log":8,"minecraft:crafting_table":1,"minecraft:wheat":2,"minecraft:andesite":13,"minecraft:salmon":3,"minecraft:potato":4,"minecraft:string":1,"minecraft:dirt":10,"minecraft:bone":2,"minecraft:wheat_seeds":4,"minecraft:cobbled_deepslate":5,"minecraft:birch_sapling":1,"minecraft:furnace":1,"minecraft:stick":2,"minecraft:raw_iron":37,"minecraft:torch":1,"minecraft:rotten_flesh":3,"minecraft:diamond":2,"minecraft:baked_potato":7,"minecraft:oak_sapling":1,"minecraft:netherrack":10,"minecraft:coal":115,"minecraft:cod":4,"minecraft:cobblestone":167}},"DataVersion":3465}