{"stats":{"minecraft:dropped":{"minecraft:wheat_seeds":11,"minecraft:stone_sword":1,"minecraft:stone_shovel":1,"minecraft:rotten_flesh":2,"minecraft:carrot":6,"minecraft:oak_stairs":1,"minecraft:stone_pickaxe":3},"minecraft:crafted":{"minecraft:cooked_beef":2,"minecraft:oak_planks":60,"minecraft:stone_shovel":1,"minecraft:cooked_porkchop":20,"minecraft:crafting_table":2,"minecraft:baked_potato":17,"minecraft:wooden_pickaxe":1,"minecraft:birch_boat":1,"minecraft:furnace":1,"minecraft:bone_meal":15,"minecraft:oak_wood":3,"minecraft:birch_planks":140,"minecraft:stone_axe":2,"minecraft:cooked_mutton":7,"minecraft:air":0,"minecraft:stick":28,"minecraft:iron_pickaxe":1,"minecraft:stone_pickaxe":7,"minecraft:stone_sword":1,"minecraft:chest":2,"minecraft:iron_shovel":1,"minecraft:birch_door":3,"minecraft:stone_hoe":1},"minecraft:killed":{"minecraft:pig":11,"minecraft:spider":2,"minecraft:cod":1,"minecraft:creeper":1,"minecraft:sheep":5,"minecraft:skeleton":1,"minecraft:zombie":4,"minecraft:chicken":5,"minecraft:cow":5},"minecraft:killed_by":{"minecraft:skeleton":2,"minecraft:creeper":1,"minecraft:enderman":1},"minecraft:mined":{"minecraft:white_bed":2,"minecraft:oak_door":1,"minecraft:dandelion":1,"minecraft:crafting_table":4,"minecraft:oak_fence":1,"minecraft:torch":1,"minecraft:grass_block":21,"minecraft:cobblestone":9,"minecraft:copper_ore":8,"minecraft:oak_planks":5,"minecraft:sugar_cane":5,"minecraft:bricks":1,"minecraft:diorite":12,"minecraft:wall_torch":3,"minecraft:carrots":5,"minecraft:furnace":1,"minecraft:birch_log":39,"minecraft:wheat":4,"minecraft:andesite":7,"minecraft:birch_leaves":2,"minecraft:pumpkin":13,"minecraft:grass":30,"minecraft:potatoes":14,"minecraft:coal_ore":108,"minecraft:oak_log":14,"minecraft:beetroots":6,"minecraft:dirt":17,"minecraft:stone":242,"minecraft:oak_leaves":9},"minecraft:used":{"minecraft:wheat_seeds":6,"minecraft:oak_fence":1,"minecraft:cooked_mutton":2,"minecraft:stone_sword":72,"minecraft:baked_potato":10,"minecraft:stone_shovel":34,"minecraft:stone_pickaxe":369,"minecraft:oak_planks":12,"minecraft:wooden_pickaxe":16,"minecraft:chest":2,"minecraft:birch_boat":1,"minecraft:stone_hoe":44,"minecraft:torch":3,"minecraft:dirt":2,"minecraft:crafting_table":6,"minecraft:carrot":18,"minecraft:white_bed":2,"minecraft:cod":1,"minecraft:birch_door":1,"minecraft:oak_stairs":8,"minecraft:iron_pickaxe":5,"minecraft:stone_axe":107,"minecraft:cobblestone":89,"minecraft:beef":1,"minecraft:oak_sapling":3,"minecraft:furnace":2,"minecraft:cooked_porkchop":13,"minecraft:porkchop":1,"minecraft:beetroot_seeds":10,"minecraft:birch_log":4,"minecraft:bone_meal":15,"minecraft:egg":4,"minecraft:potato":30,"minecraft:cooked_beef":2},"minecraft:custom":{"minecraft:interact_with_furnace":15,"minecraft:mob_kills":35,"minecraft:animals_bred":5,"minecraft:interact_with_crafting_table":22,"minecraft:open_barrel":19,"minecraft:leave_game":6,"minecraft:time_since_death":12798,"minecraft:sleep_in_bed":4,"minecraft:climb_one_cm":27575,"minecraft:time_since_rest":12824,"minecraft:sprint_one_cm":377182,"minecraft:damage_taken":2425,"minecraft:walk_one_cm":234157,"minecraft:drop":25,"minecraft:damage_dealt":4601,"minecraft:swim_one_cm":7082,"minecraft:talked_to_villager":7,"minecraft:fly_one_cm":517574,"minecraft:open_chest":28,"minecraft:crouch_one_cm":3122,"minecraft:play_time":104275,"minecraft:deaths":4,"minecraft:sneak_time":1048,"minecraft:walk_under_water_one_cm":4541,"minecraft:boat_one_cm":130860,"minecraft:jump":2332,"minecraft:walk_on_water_one_cm":5024,"minecraft:interact_with_smoker":3,"minecraft:total_world_time":104275,"minecraft:fall_one_cm":65530},"minecraft:picked_up":{"minecraft:birch_log":39,"minecraft:iron_chestplate":2,"minecraft:crafting_table":4,"minecraft:wheat":2,"minecraft:feather":6,"minecraft:chicken":5,"minecraft:andesite":7,"minecraft:leather":7,"minecraft:oak_stairs":9,"minecraft:potato":37,"minecraft:oak_log":16,"minecraft:dirt":111,"minecraft:string":2,"minecraft:raw_copper":29,"minecraft:iron_shovel":4,"minecraft:bone":7,"minecraft:beetroot":3,"minecraft:wheat_seeds":25,"minecraft:iron_pickaxe":4,"minecraft:stone_pickaxe":19,"minecraft:iron_ingot":4,"minecraft:beef":10,"minecraft:light_gray_wool":1,"minecraft:sugar_cane":11,"minecraft:oak_planks":4,"minecraft:birch_sapling":4,"minecraft:furnace":1,"minecraft:egg":5,"minecraft:stick":22,"minecraft:cooked_porkchop":28,"minecraft:oak_door":1,"minecraft:birch_boat":1,"minecraft:pumpkin":13,"minecraft:oak_fence":1,"minecraft:torch":13,"minecraft:dandelion":1,"minecraft:porkchop":21,"minecraft:diorite":12,"minecraft:white_bed":2,"minecraft:carrot":33,"minecraft:arrow":5,"minecraft:stone_sword":5,"minecraft:stone_shovel":5,"minecraft:rotten_flesh":8,"minecraft:stone_axe":4,"minecraft:beetroot_seeds":12,"minecraft:baked_potato":68,"minecraft:oak_sapling":16,"minecraft:coal":108,"minecraft:black_wool":1,"minecraft:mutton":7,"minecraft:bricks":1,"minecraft:cod":1,"minecraft:white_wool":3,"minecraft:cobblestone":365},"minecraft:broken":{"minecraft:stone_pickaxe":2,"minecraft:stone_axe":1}},"DataVersion":3465}