{"stats":{"minecraft:dropped":{"minecraft:crimson_stem":1,"minecraft:iron_sword":1,"minecraft:wheat_seeds":21,"minecraft:baked_potato":15,"minecraft:poisonous_potato":1,"minecraft:netherite_upgrade_smithing_template":1,"minecraft:saddle":2,"minecraft:activator_rail":2,"minecraft:spruce_stairs":1,"minecraft:rail":16,"minecraft:coal":3,"minecraft:dirt":1,"minecraft:oak_stairs":1,"minecraft:gold_nugget":4,"minecraft:iron_shovel":1,"minecraft:spruce_sapling":9,"minecraft:gold_ingot":4,"minecraft:netherite_ingot":2,"minecraft:stone_sword":1,"minecraft:wheat":9,"minecraft:stone_shovel":1,"minecraft:beetroot":1,"minecraft:rotten_flesh":2,"minecraft:carrot":6,"minecraft:shears":3,"minecraft:diamond_chestplate":1,"minecraft:spruce_planks":1,"minecraft:andesite":1,"minecraft:powered_rail":5,"minecraft:stone_pickaxe":5,"minecraft:netherrack":54},"minecraft:mined":{"minecraft:nether_gold_ore":12,"minecraft:spruce_planks":3,"minecraft:white_bed":2,"minecraft:farmland":24,"minecraft:mossy_cobblestone":1,"minecraft:deepslate_diamond_ore":4,"minecraft:oak_door":1,"minecraft:grass_block":578,"minecraft:sandstone":4,"minecraft:hay_block":1,"minecraft:furnace":1,"minecraft:carrots":180,"minecraft:iron_ore":19,"minecraft:cobbled_deepslate":9,"minecraft:andesite":14,"minecraft:pumpkin":13,"minecraft:potatoes":94,"minecraft:deepslate_iron_ore":28,"minecraft:oak_stairs":5,"minecraft:bamboo_sapling":1,"minecraft:bamboo":16,"minecraft:stone":339,"minecraft:deepslate_redstone_ore":1,"minecraft:stone_brick_slab":1,"minecraft:dandelion":1,"minecraft:oak_fence":1,"minecraft:crafting_table":7,"minecraft:torch":10,"minecraft:poppy":2,"minecraft:cobblestone":19,"minecraft:nether_quartz_ore":88,"minecraft:tall_grass":1,"minecraft:copper_ore":8,"minecraft:deepslate_gold_ore":9,"minecraft:sugar_cane":5,"minecraft:oak_planks":6,"minecraft:bricks":1,"minecraft:diorite":12,"minecraft:wall_torch":16,"minecraft:spruce_stairs":1,"minecraft:birch_log":46,"minecraft:wheat":164,"minecraft:birch_leaves":2,"minecraft:grass":136,"minecraft:cracked_deepslate_tiles":4,"minecraft:coal_ore":108,"minecraft:oak_log":50,"minecraft:beetroots":304,"minecraft:dirt":501,"minecraft:cobweb":1,"minecraft:stone_bricks":7,"minecraft:netherrack":785,"minecraft:oak_leaves":23,"minecraft:deepslate":287},"minecraft:custom":{"minecraft:interact_with_smithing_table":5,"minecraft:mob_kills":124,"minecraft:interact_with_anvil":1,"minecraft:animals_bred":127,"minecraft:interact_with_crafting_table":54,"minecraft:open_barrel":110,"minecraft:bell_ring":38,"minecraft:leave_game":17,"minecraft:time_since_death":431771,"minecraft:climb_one_cm":48849,"minecraft:sprint_one_cm":1535357,"minecraft:walk_one_cm":1123325,"minecraft:drop":133,"minecraft:talked_to_villager":45,"minecraft:play_time":615181,"minecraft:deaths":9,"minecraft:sneak_time":13093,"minecraft:walk_under_water_one_cm":27398,"minecraft:boat_one_cm":130860,"minecraft:jump":7948,"minecraft:interact_with_blast_furnace":19,"minecraft:walk_on_water_one_cm":41141,"minecraft:total_world_time":615181,"minecraft:interact_with_furnace":39,"minecraft:traded_with_villager":30,"minecraft:interact_with_grindstone":2,"minecraft:interact_with_stonecutter":4,"minecraft:sleep_in_bed":20,"minecraft:time_since_rest":165452,"minecraft:damage_taken":7585,"minecraft:trigger_trapped_chest":15,"minecraft:damage_dealt":11529,"minecraft:swim_one_cm":112779,"minecraft:fly_one_cm":1853463,"minecraft:open_chest":189,"minecraft:crouch_one_cm":34090,"minecraft:interact_with_smoker":45,"minecraft:fall_one_cm":222251,"minecraft:horse_one_cm":30186},"minecraft:crafted":{"minecraft:oak_planks":184,"minecraft:stone_shovel":1,"minecraft:stone_brick_wall":1,"minecraft:birch_boat":1,"minecraft:furnace":1,"minecraft:stone":97,"minecraft:bone_meal":15,"minecraft:cooked_mutton":7,"minecraft:netherite_chestplate":1,"minecraft:diamond":99,"minecraft:diamond_leggings":1,"minecraft:iron_boots":1,"minecraft:iron_axe":1,"minecraft:ladder":33,"minecraft:stone_pickaxe":7,"minecraft:chest":4,"minecraft:diamond_boots":1,"minecraft:birch_door":3,"minecraft:stone_hoe":1,"minecraft:stone_bricks":35,"minecraft:golden_helmet":2,"minecraft:wheat":9,"minecraft:cooked_beef":79,"minecraft:diamond_sword":1,"minecraft:emerald":29,"minecraft:cooked_porkchop":20,"minecraft:crafting_table":3,"minecraft:wooden_pickaxe":1,"minecraft:baked_potato":186,"minecraft:iron_sword":1,"minecraft:oak_wood":3,"minecraft:birch_planks":168,"minecraft:bucket":10,"minecraft:stone_axe":2,"minecraft:bread":6,"minecraft:air":0,"minecraft:stone_brick_stairs":28,"minecraft:stick":396,"minecraft:iron_ingot":115,"minecraft:iron_pickaxe":7,"minecraft:stone_sword":1,"minecraft:gold_ingot":37,"minecraft:iron_shovel":5,"minecraft:iron_leggings":1,"minecraft:stonecutter":1,"minecraft:torch":64,"minecraft:diamond_chestplate":2},"minecraft:picked_up":{"minecraft:crafting_table":11,"minecraft:iron_chestplate":4,"minecraft:wheat":220,"minecraft:chicken":9,"minecraft:oak_stairs":14,"minecraft:string":9,"minecraft:raw_copper":29,"minecraft:iron_leggings":5,"minecraft:iron_shovel":10,"minecraft:beetroot":231,"minecraft:gold_nugget":58,"minecraft:cobbled_deepslate":290,"minecraft:spruce_planks":3,"minecraft:beef":83,"minecraft:oak_boat":1,"minecraft:poppy":2,"minecraft:iron_pickaxe":9,"minecraft:light_gray_wool":1,"minecraft:sugar_cane":11,"minecraft:birch_sapling":4,"minecraft:furnace":1,"minecraft:diamond_hoe":5,"minecraft:iron_boots":4,"minecraft:egg":7,"minecraft:golden_helmet":1,"minecraft:stick":68,"minecraft:raw_iron":46,"minecraft:sandstone":4,"minecraft:stone":6,"minecraft:oak_door":1,"minecraft:oak_fence":1,"minecraft:torch":220,"minecraft:spruce_stairs":1,"minecraft:porkchop":21,"minecraft:diorite":12,"minecraft:carrot":937,"minecraft:redstone":4,"minecraft:stone_shovel":6,"minecraft:stone_sword":6,"minecraft:arrow":84,"minecraft:rotten_flesh":38,"minecraft:beetroot_seeds":705,"minecraft:shears":4,"minecraft:hay_block":1,"minecraft:saddle":1,"minecraft:gold_ingot":43,"minecraft:mutton":7,"minecraft:cod":1,"minecraft:white_wool":3,"minecraft:cobblestone":474,"minecraft:cracked_deepslate_tiles":4,"minecraft:birch_log":46,"minecraft:magma_block":150,"minecraft:feather":10,"minecraft:crimson_stem":1,"minecraft:andesite":10,"minecraft:leather":58,"minecraft:potato":521,"minecraft:oak_log":51,"minecraft:nether_wart_block":4,"minecraft:gunpowder":2,"minecraft:dirt":1208,"minecraft:bone":18,"minecraft:apple":2,"minecraft:stone_bricks":7,"minecraft:bow":8,"minecraft:wheat_seeds":702,"minecraft:raw_gold":9,"minecraft:stone_pickaxe":28,"minecraft:iron_ingot":291,"minecraft:bamboo":176,"minecraft:oak_planks":161,"minecraft:iron_sword":6,"minecraft:soul_sand":10,"minecraft:cooked_porkchop":35,"minecraft:birch_boat":1,"minecraft:pumpkin":13,"minecraft:stone_brick_slab":2,"minecraft:quartz":143,"minecraft:dandelion":28,"minecraft:poisonous_potato":1,"minecraft:gravel":1,"minecraft:spruce_sapling":18,"minecraft:white_bed":2,"minecraft:spectral_arrow":8,"minecraft:mossy_cobblestone":1,"minecraft:diamond":3,"minecraft:stone_axe":9,"minecraft:baked_potato":199,"minecraft:oak_sapling":18,"minecraft:black_wool":1,"minecraft:netherrack":1789,"minecraft:coal":108,"minecraft:bricks":1,"minecraft:diamond_pickaxe":3},"minecraft:broken":{"minecraft:golden_helmet":1,"minecraft:iron_shovel":4,"minecraft:stone_pickaxe":2,"minecraft:stone_axe":1,"minecraft:iron_pickaxe":5},"minecraft:used":{"minecraft:oak_fence":1,"minecraft:stone_sword":72,"minecraft:iron_shovel":1047,"minecraft:stone_shovel":34,"minecraft:poppy":2,"minecraft:ladder":24,"minecraft:diamond_hoe":665,"minecraft:chest":4,"minecraft:spruce_planks":2,"minecraft:iron_sword":175,"minecraft:stone_hoe":44,"minecraft:netherrack":112,"minecraft:iron_chestplate":1,"minecraft:torch":78,"minecraft:dirt":550,"minecraft:carrot":193,"minecraft:cracked_deepslate_tiles":4,"minecraft:birch_door":1,"minecraft:stone_brick_slab":102,"minecraft:iron_axe":43,"minecraft:oak_stairs":13,"minecraft:iron_boots":2,"minecraft:stone_brick_stairs":8,"minecraft:stone_bricks":53,"minecraft:bamboo":15,"minecraft:bow":56,"minecraft:beef":1,"minecraft:oak_sapling":4,"minecraft:furnace":2,"minecraft:beetroot_seeds":798,"minecraft:egg":7,"minecraft:cooked_beef":12,"minecraft:potato":108,"minecraft:cobbled_deepslate":90,"minecraft:iron_leggings":1,"minecraft:cooked_mutton":2,"minecraft:wheat_seeds":166,"minecraft:water_bucket":68,"minecraft:stone_pickaxe":369,"minecraft:oak_planks":13,"minecraft:baked_potato":107,"minecraft:wooden_pickaxe":16,"minecraft:birch_boat":1,"minecraft:sandstone":2,"minecraft:stonecutter":1,"minecraft:mossy_cobblestone":1,"minecraft:crafting_table":10,"minecraft:crossbow":12,"minecraft:white_bed":2,"minecraft:cod":1,"minecraft:stone_brick_wall":34,"minecraft:oak_log":4,"minecraft:diamond_pickaxe":45,"minecraft:iron_pickaxe":1337,"minecraft:stone_axe":155,"minecraft:golden_helmet":1,"minecraft:cobblestone":120,"minecraft:porkchop":1,"minecraft:cooked_porkchop":13,"minecraft:bucket":72,"minecraft:andesite":2,"minecraft:birch_log":4,"minecraft:bone_meal":249},"minecraft:killed":{"minecraft:cave_spider":2,"minecraft:spider":5,"minecraft:cod":1,"minecraft:skeleton":11,"minecraft:chicken":5,"minecraft:piglin":1,"minecraft:pig":11,"minecraft:creeper":3,"minecraft:sheep":5,"minecraft:pillager":2,"minecraft:zombie":20,"minecraft:enderman":1,"minecraft:cow":56},"minecraft:killed_by":{"minecraft:player":1,"minecraft:creeper":1,"minecraft:enderman":1,"minecraft:skeleton":5,"minecraft:zombie":1}},"DataVersion":3465}