{"stats":{"minecraft:dropped":{"minecraft:iron_ingot":3,"minecraft:iron_sword":1,"minecraft:oak_slab":12,"minecraft:wheat_seeds":1,"minecraft:lapis_lazuli":13,"minecraft:poisonous_potato":3,"minecraft:cobblestone":5,"minecraft:spectral_arrow":16,"minecraft:granite":20,"minecraft:stick":32,"minecraft:dirt":14,"minecraft:diorite":55,"minecraft:torch":20,"minecraft:iron_leggings":1,"minecraft:dandelion":1,"minecraft:stone_axe":1,"minecraft:tuff":23,"minecraft:rotten_flesh":7,"minecraft:oak_planks":15,"minecraft:iron_boots":1,"minecraft:poppy":1,"minecraft:iron_chestplate":4,"minecraft:beetroot_seeds":36,"minecraft:andesite":2,"minecraft:arrow":2,"minecraft:wooden_pickaxe":1,"minecraft:stone_pickaxe":3,"minecraft:magma_block":4,"minecraft:netherrack":238},"minecraft:mined":{"minecraft:nether_gold_ore":49,"minecraft:tuff":29,"minecraft:deepslate_diamond_ore":21,"minecraft:granite":20,"minecraft:grass_block":4,"minecraft:crimson_roots":1,"minecraft:magma_block":12,"minecraft:furnace":3,"minecraft:carrots":81,"minecraft:fire":1,"minecraft:iron_ore":75,"minecraft:cobbled_deepslate":9,"minecraft:andesite":31,"minecraft:deepslate_lapis_ore":61,"minecraft:potatoes":234,"minecraft:deepslate_iron_ore":79,"minecraft:oak_stairs":2,"minecraft:packed_ice":1,"minecraft:stone":375,"minecraft:oak_slab":1,"minecraft:crimson_nylium":42,"minecraft:crafting_table":11,"minecraft:torch":1,"minecraft:cobblestone":18,"minecraft:tall_grass":2,"minecraft:nether_quartz_ore":431,"minecraft:deepslate_gold_ore":132,"minecraft:lapis_ore":1,"minecraft:sugar_cane":399,"minecraft:oak_planks":26,"minecraft:diorite":55,"minecraft:wall_torch":5,"minecraft:birch_log":10,"minecraft:wheat":153,"minecraft:birch_leaves":3,"minecraft:grass":4,"minecraft:oak_log":14,"minecraft:coal_ore":320,"minecraft:beetroots":641,"minecraft:gravel":3,"minecraft:dirt":21,"minecraft:netherrack":663,"minecraft:ancient_debris":1,"minecraft:gold_ore":11,"minecraft:oak_leaves":9,"minecraft:deepslate":887},"minecraft:custom":{"minecraft:interact_with_smithing_table":4,"minecraft:interact_with_anvil":2,"minecraft:mob_kills":74,"minecraft:animals_bred":31,"minecraft:interact_with_crafting_table":45,"minecraft:open_barrel":58,"minecraft:leave_game":11,"minecraft:time_since_death":116716,"minecraft:climb_one_cm":1348,"minecraft:sprint_one_cm":440094,"minecraft:walk_one_cm":1127046,"minecraft:drop":57,"minecraft:talked_to_villager":52,"minecraft:play_time":312441,"minecraft:deaths":3,"minecraft:sneak_time":29572,"minecraft:walk_under_water_one_cm":7702,"minecraft:jump":3594,"minecraft:interact_with_blast_furnace":48,"minecraft:walk_on_water_one_cm":25762,"minecraft:enchant_item":2,"minecraft:total_world_time":312441,"minecraft:interact_with_furnace":25,"minecraft:play_record":1,"minecraft:traded_with_villager":26,"minecraft:interact_with_stonecutter":1,"minecraft:sleep_in_bed":10,"minecraft:time_since_rest":10565,"minecraft:damage_taken":3230,"minecraft:trigger_trapped_chest":2,"minecraft:damage_dealt":7857,"minecraft:swim_one_cm":40402,"minecraft:fly_one_cm":555744,"minecraft:open_chest":81,"minecraft:crouch_one_cm":65367,"minecraft:interact_with_smoker":45,"minecraft:fall_one_cm":72844,"minecraft:horse_one_cm":16255},"minecraft:crafted":{"minecraft:oak_planks":40,"minecraft:furnace":1,"minecraft:bone_meal":42,"minecraft:iron_boots":1,"minecraft:iron_axe":1,"minecraft:stone_pickaxe":2,"minecraft:chest":4,"minecraft:golden_helmet":1,"minecraft:smoker":1,"minecraft:cooked_beef":101,"minecraft:emerald":26,"minecraft:crafting_table":3,"minecraft:wooden_pickaxe":1,"minecraft:baked_potato":104,"minecraft:birch_planks":40,"minecraft:stone_axe":1,"minecraft:enchanted_book":1,"minecraft:air":0,"minecraft:book":51,"minecraft:iron_chestplate":1,"minecraft:paper":411,"minecraft:diamond_pickaxe":2,"minecraft:stick":96,"minecraft:iron_ingot":154,"minecraft:iron_pickaxe":9,"minecraft:gold_ingot":163,"minecraft:iron_leggings":1,"minecraft:torch":36},"minecraft:picked_up":{"minecraft:iron_chestplate":5,"minecraft:crafting_table":13,"minecraft:wheat":157,"minecraft:oak_stairs":2,"minecraft:iron_leggings":3,"minecraft:netherite_ingot":2,"minecraft:beetroot":572,"minecraft:gold_nugget":364,"minecraft:cobbled_deepslate":949,"minecraft:beef":101,"minecraft:netherite_upgrade_smithing_template":1,"minecraft:poppy":1,"minecraft:iron_pickaxe":2,"minecraft:sugar_cane":734,"minecraft:phantom_membrane":2,"minecraft:iron_boots":3,"minecraft:furnace":4,"minecraft:golden_helmet":1,"minecraft:stick":65,"minecraft:raw_iron":252,"minecraft:torch":67,"minecraft:music_disc_pigstep":1,"minecraft:diorite":55,"minecraft:carrot":307,"minecraft:diamond_chestplate":1,"minecraft:arrow":2,"minecraft:rotten_flesh":7,"minecraft:beetroot_seeds":1641,"minecraft:gold_ingot":45,"minecraft:cobblestone":646,"minecraft:birch_log":10,"minecraft:magma_block":4,"minecraft:andesite":31,"minecraft:leather":51,"minecraft:potato":787,"minecraft:tuff":41,"minecraft:oak_log":14,"minecraft:ancient_debris":2,"minecraft:lapis_lazuli":779,"minecraft:dirt":25,"minecraft:white_banner":1,"minecraft:bone":9,"minecraft:apple":2,"minecraft:wheat_seeds":423,"minecraft:raw_gold":261,"minecraft:iron_ingot":24,"minecraft:stone_pickaxe":2,"minecraft:iron_sword":1,"minecraft:oak_planks":69,"minecraft:oak_slab":13,"minecraft:quartz":604,"minecraft:dandelion":1,"minecraft:poisonous_potato":5,"minecraft:gravel":3,"minecraft:grass_block":1,"minecraft:spectral_arrow":16,"minecraft:diamond":54,"minecraft:stone_axe":2,"minecraft:granite":20,"minecraft:baked_potato":105,"minecraft:oak_sapling":5,"minecraft:netherrack":842,"minecraft:coal":610,"minecraft:diamond_pickaxe":1},"minecraft:broken":{"minecraft:iron_pickaxe":9},"minecraft:used":{"minecraft:poppy":2,"minecraft:chest":4,"minecraft:netherrack":36,"minecraft:iron_chestplate":1,"minecraft:torch":42,"minecraft:dirt":1,"minecraft:carrot":81,"minecraft:tuff":3,"minecraft:music_disc_pigstep":1,"minecraft:grass_block":1,"minecraft:iron_axe":111,"minecraft:oak_stairs":1,"minecraft:iron_boots":1,"minecraft:diamond_chestplate":1,"minecraft:furnace":3,"minecraft:oak_sapling":5,"minecraft:beetroot_seeds":643,"minecraft:potato":237,"minecraft:cobbled_deepslate":63,"minecraft:iron_leggings":1,"minecraft:wheat_seeds":154,"minecraft:netherite_chestplate":1,"minecraft:stone_pickaxe":156,"minecraft:baked_potato":64,"minecraft:oak_planks":28,"minecraft:wooden_pickaxe":7,"minecraft:sugar_cane":10,"minecraft:glow_berries":3,"minecraft:oak_slab":1,"minecraft:crafting_table":12,"minecraft:smoker":1,"minecraft:diamond_pickaxe":940,"minecraft:iron_pickaxe":2249,"minecraft:stone_axe":54,"minecraft:cobblestone":163,"minecraft:white_banner":1,"minecraft:andesite":29,"minecraft:dandelion":1},"minecraft:killed":{"minecraft:phantom":1,"minecraft:skeleton":5,"minecraft:skeleton_horse":1,"minecraft:piglin":1,"minecraft:creeper":1,"minecraft:zombie":9,"minecraft:enderman":1,"minecraft:cow":53},"minecraft:killed_by":{"minecraft:skeleton":1}},"DataVersion":3465}