{"stats":{"minecraft:dropped":{"minecraft:diamond_axe":1,"minecraft:cooked_beef":22,"minecraft:baked_potato":14,"minecraft:gravel":28,"minecraft:rotten_flesh":2,"minecraft:oak_planks":79,"minecraft:arrow":8,"minecraft:netherrack":64,"minecraft:golden_boots":1,"minecraft:iron_ingot":3,"minecraft:stick":21,"minecraft:string":27,"minecraft:oak_trapdoor":3,"minecraft:raw_copper":5,"minecraft:composter":1,"minecraft:stone_shovel":1,"minecraft:shears":1,"minecraft:diamond_sword":1,"minecraft:potato":13,"minecraft:stone":1,"minecraft:iron_chestplate":2,"minecraft:andesite":1,"minecraft:spider_eye":1,"minecraft:stone_bricks":72,"minecraft:bow":2},"minecraft:mined":{"minecraft:white_bed":1,"minecraft:granite":67,"minecraft:grass_block":295,"minecraft:magma_block":48,"minecraft:dark_oak_trapdoor":1,"minecraft:cobbled_deepslate":1,"minecraft:barrel":2,"minecraft:iron_ore":109,"minecraft:fire":2,"minecraft:deepslate_lapis_ore":7,"minecraft:tripwire":1,"minecraft:deepslate_redstone_ore":1,"minecraft:smoker":1,"minecraft:crimson_nylium":4,"minecraft:torch":3,"minecraft:blast_furnace":1,"minecraft:poppy":1,"minecraft:chest":1,"minecraft:nether_quartz_ore":240,"minecraft:oak_planks":17,"minecraft:sugar_cane":48,"minecraft:wall_torch":2,"minecraft:nether_wart_block":2,"minecraft:wheat":410,"minecraft:grass":515,"minecraft:cracked_deepslate_tiles":1,"minecraft:oak_log":149,"minecraft:beetroots":320,"minecraft:dirt":23,"minecraft:smooth_quartz":3,"minecraft:netherrack":643,"minecraft:ancient_debris":7,"minecraft:oak_leaves":60,"minecraft:deepslate":482,"minecraft:diamond_ore":21,"minecraft:tuff":41,"minecraft:deepslate_diamond_ore":67,"minecraft:spruce_leaves":22,"minecraft:crimson_stem":1,"minecraft:large_fern":3,"minecraft:redstone_ore":4,"minecraft:furnace":1,"minecraft:carrots":61,"minecraft:andesite":22,"minecraft:potatoes":280,"minecraft:deepslate_iron_ore":20,"minecraft:stone":422,"minecraft:dandelion":2,"minecraft:oak_fence":37,"minecraft:cornflower":3,"minecraft:crafting_table":6,"minecraft:copper_ore":1,"minecraft:tall_grass":77,"minecraft:deepslate_gold_ore":26,"minecraft:lapis_ore":8,"minecraft:diorite":88,"minecraft:blue_bed":1,"minecraft:birch_leaves":1,"minecraft:white_carpet":2,"minecraft:spruce_log":195,"minecraft:coal_ore":185,"minecraft:gravel":38,"minecraft:gold_ore":17},"minecraft:custom":{"minecraft:animals_bred":50,"minecraft:interact_with_crafting_table":61,"minecraft:open_barrel":206,"minecraft:leave_game":18,"minecraft:time_since_death":37895,"minecraft:sprint_one_cm":687759,"minecraft:damage_blocked_by_shield":2910,"minecraft:drop":88,"minecraft:talked_to_villager":20,"minecraft:play_time":960542,"minecraft:deaths":6,"minecraft:jump":5250,"minecraft:walk_on_water_one_cm":24421,"minecraft:interact_with_furnace":21,"minecraft:play_record":6,"minecraft:traded_with_villager":19,"minecraft:sleep_in_bed":25,"minecraft:open_enderchest":1,"minecraft:damage_dealt":14973,"minecraft:player_kills":1,"minecraft:crouch_one_cm":48900,"minecraft:interact_with_smoker":40,"minecraft:horse_one_cm":63096,"minecraft:interact_with_anvil":2,"minecraft:mob_kills":79,"minecraft:climb_one_cm":11234,"minecraft:walk_one_cm":3337156,"minecraft:sneak_time":23990,"minecraft:walk_under_water_one_cm":14866,"minecraft:boat_one_cm":118035,"minecraft:interact_with_blast_furnace":21,"minecraft:total_world_time":960542,"minecraft:pot_flower":8,"minecraft:time_since_rest":13005,"minecraft:damage_taken":3763,"minecraft:trigger_trapped_chest":2,"minecraft:swim_one_cm":20529,"minecraft:fly_one_cm":1086530,"minecraft:open_chest":78,"minecraft:fall_one_cm":100327},"minecraft:crafted":{"minecraft:smooth_stone":3,"minecraft:oak_planks":556,"minecraft:barrel":3,"minecraft:stone":131,"minecraft:diamond_shovel":1,"minecraft:nether_brick":1,"minecraft:quartz_block":60,"minecraft:iron_boots":1,"minecraft:diamond_leggings":2,"minecraft:diamond_helmet":2,"minecraft:chest":8,"minecraft:stone_bricks":124,"minecraft:oak_fence":66,"minecraft:smoker":1,"minecraft:oak_slab":30,"minecraft:emerald":19,"minecraft:smooth_quartz":23,"minecraft:cooked_porkchop":1,"minecraft:diamond_axe":1,"minecraft:crafting_table":2,"minecraft:spruce_planks":776,"minecraft:baked_potato":140,"minecraft:iron_chestplate":2,"minecraft:diamond_pickaxe":2,"minecraft:shield":2,"minecraft:stick":92,"minecraft:iron_ingot":60,"minecraft:iron_pickaxe":2,"minecraft:gold_ingot":21,"minecraft:composter":1,"minecraft:shears":1,"minecraft:diamond_hoe":1,"minecraft:furnace":3,"minecraft:blast_furnace":1,"minecraft:bone_meal":21,"minecraft:white_carpet":3,"minecraft:diamond_boots":2,"minecraft:cooked_beef":11,"minecraft:diamond_sword":1,"minecraft:blue_bed":1,"minecraft:bucket":1,"minecraft:air":0,"minecraft:blue_dye":2,"minecraft:oak_boat":1,"minecraft:oak_stairs":8,"minecraft:white_bed":1,"minecraft:torch":44,"minecraft:blue_carpet":1,"minecraft:diamond_chestplate":2},"minecraft:picked_up":{"minecraft:iron_chestplate":2,"minecraft:wheat":474,"minecraft:oak_stairs":254,"minecraft:diamond_sword":4,"minecraft:string":61,"minecraft:dark_oak_trapdoor":1,"minecraft:raw_copper":15,"minecraft:beetroot":345,"minecraft:diamond_leggings":3,"minecraft:cobbled_deepslate":503,"minecraft:bucket":3,"minecraft:spruce_planks":761,"minecraft:smooth_quartz":26,"minecraft:iron_pickaxe":3,"minecraft:iron_boots":1,"minecraft:furnace":1,"minecraft:stick":62,"minecraft:composter":1,"minecraft:spruce_stairs":1,"minecraft:oak_fence":50,"minecraft:torch":18,"minecraft:porkchop":1,"minecraft:diorite":152,"minecraft:music_disc_pigstep":4,"minecraft:rotten_flesh":83,"minecraft:cobblestone":516,"minecraft:magma_block":30,"minecraft:cooked_beef":25,"minecraft:andesite":23,"minecraft:smoker":2,"minecraft:potato":1159,"minecraft:flint":14,"minecraft:tuff":45,"minecraft:lantern":1,"minecraft:lapis_lazuli":100,"minecraft:dirt":502,"minecraft:bone":15,"minecraft:bow":5,"minecraft:wheat_seeds":1252,"minecraft:raw_gold":47,"minecraft:oak_planks":139,"minecraft:stone_hoe":1,"minecraft:music_disc_13":1,"minecraft:poisonous_potato":5,"minecraft:grass_block":2,"minecraft:barrel":3,"minecraft:diamond":117,"minecraft:granite":67,"minecraft:bone_meal":318,"minecraft:emerald":4,"minecraft:oak_sapling":10,"minecraft:netherrack":682,"minecraft:oak_leaves":41,"minecraft:diamond_pickaxe":5,"minecraft:crafting_table":7,"minecraft:ladder":6,"minecraft:shield":3,"minecraft:cornflower":7,"minecraft:oak_trapdoor":3,"minecraft:white_carpet":3,"minecraft:beef":17,"minecraft:oak_boat":6,"minecraft:poppy":2,"minecraft:sugar_cane":94,"minecraft:chest":1,"minecraft:phantom_membrane":1,"minecraft:diamond_hoe":3,"minecraft:egg":1,"minecraft:raw_iron":129,"minecraft:music_disc_11":1,"minecraft:redstone":23,"minecraft:carrot":213,"minecraft:dark_oak_planks":2,"minecraft:stone_shovel":1,"minecraft:arrow":16,"minecraft:diamond_chestplate":3,"minecraft:beetroot_seeds":863,"minecraft:shears":2,"minecraft:diamond_boots":3,"minecraft:white_wool":5,"minecraft:cracked_deepslate_tiles":1,"minecraft:crimson_stem":1,"minecraft:salmon":1,"minecraft:leather":4,"minecraft:crimson_fungus":1,"minecraft:oak_log":145,"minecraft:ancient_debris":14,"minecraft:golden_boots":1,"minecraft:nether_wart_block":2,"minecraft:gunpowder":3,"minecraft:blue_bed":1,"minecraft:stone_bricks":96,"minecraft:iron_ingot":124,"minecraft:oak_slab":19,"minecraft:quartz":240,"minecraft:dandelion":14,"minecraft:gravel":48,"minecraft:spruce_sapling":9,"minecraft:blast_furnace":2,"minecraft:white_bed":1,"minecraft:spruce_log":194,"minecraft:spider_eye":3,"minecraft:diamond_shovel":5,"minecraft:diamond_axe":6,"minecraft:baked_potato":112,"minecraft:coal":448},"minecraft:broken":{"minecraft:shield":1,"minecraft:iron_pickaxe":1},"minecraft:used":{"minecraft:smooth_quartz_slab":85,"minecraft:diamond_hoe":443,"minecraft:ladder":29,"minecraft:decorated_pot":6,"minecraft:chest":13,"minecraft:shield":49,"minecraft:nether_bricks":50,"minecraft:carrot":128,"minecraft:cracked_deepslate_tiles":329,"minecraft:tuff":1,"minecraft:music_disc_11":1,"minecraft:music_disc_13":1,"minecraft:axolotl_bucket":1,"minecraft:quartz_pillar":26,"minecraft:music_disc_pigstep":4,"minecraft:black_stained_glass_pane":383,"minecraft:lantern":39,"minecraft:grass_block":900,"minecraft:dark_oak_leaves":158,"minecraft:dark_oak_slab":115,"minecraft:stone_bricks":178,"minecraft:furnace":5,"minecraft:beetroot_seeds":394,"minecraft:egg":1,"minecraft:potato":429,"minecraft:deepslate_brick_wall":29,"minecraft:oak_planks":63,"minecraft:composter":1,"minecraft:blue_bed":8,"minecraft:diamond_axe":437,"minecraft:smooth_quartz_stairs":80,"minecraft:oak_leaves":22,"minecraft:dark_oak_trapdoor":54,"minecraft:blast_furnace":5,"minecraft:gray_concrete":332,"minecraft:shears":52,"minecraft:gravel":13,"minecraft:diamond_sword":329,"minecraft:grindstone":1,"minecraft:smithing_table":1,"minecraft:dark_oak_fence":8,"minecraft:andesite":18,"minecraft:oak_boat":3,"minecraft:bone_meal":26,"minecraft:oak_fence":90,"minecraft:cherry_boat":1,"minecraft:flint_and_steel":2,"minecraft:armor_stand":3,"minecraft:spruce_planks":931,"minecraft:ender_chest":1,"minecraft:netherrack":145,"minecraft:torch":72,"minecraft:dirt":406,"minecraft:anvil":1,"minecraft:wheat":11,"minecraft:white_carpet":5,"minecraft:spruce_stairs":15,"minecraft:granite":27,"minecraft:dark_oak_planks":20,"minecraft:oak_stairs":8,"minecraft:iron_boots":1,"minecraft:smooth_quartz":928,"minecraft:barrel":59,"minecraft:glowstone":56,"minecraft:trapped_chest":8,"minecraft:cooked_beef":7,"minecraft:cobbled_deepslate":128,"minecraft:wheat_seeds":568,"minecraft:water_bucket":84,"minecraft:dirt_path":94,"minecraft:baked_potato":52,"minecraft:deepslate_bricks":121,"minecraft:vine":8,"minecraft:oak_slab":4,"minecraft:crafting_table":12,"minecraft:white_bed":1,"minecraft:smoker":5,"minecraft:dark_oak_door":6,"minecraft:deepslate_tile_wall":12,"minecraft:oak_log":2,"minecraft:netherite_block":2,"minecraft:flower_pot":9,"minecraft:diamond_pickaxe":2073,"minecraft:diamond_shovel":343,"minecraft:iron_pickaxe":499,"minecraft:spruce_pressure_plate":4,"minecraft:blue_carpet":43,"minecraft:cobblestone":20,"minecraft:cooked_porkchop":1,"minecraft:bucket":18,"minecraft:black_candle":7,"minecraft:jukebox":2},"minecraft:killed":{"minecraft:spider":11,"minecraft:skeleton":11,"minecraft:pig":1,"minecraft:salmon":1,"minecraft:creeper":3,"minecraft:zombie":40,"minecraft:cow":6,"minecraft:phantom":1,"minecraft:drowned":1,"minecraft:enderman":1},"minecraft:killed_by":{"minecraft:zombie_villager":1,"minecraft:zombie":1,"minecraft:player":1,"minecraft:spider":1,"minecraft:enderman":1}},"DataVersion":3465}