{"stats":{"minecraft:picked_up":{"minecraft:iron_chestplate":1,"minecraft:crafting_table":6,"minecraft:wheat":364,"minecraft:diamond_sword":4,"minecraft:oak_stairs":254,"minecraft:shield":3,"minecraft:cornflower":7,"minecraft:string":51,"minecraft:oak_trapdoor":3,"minecraft:raw_copper":15,"minecraft:white_carpet":2,"minecraft:beetroot":279,"minecraft:diamond_leggings":3,"minecraft:cobbled_deepslate":153,"minecraft:bucket":3,"minecraft:beef":9,"minecraft:oak_boat":2,"minecraft:iron_pickaxe":3,"minecraft:sugar_cane":94,"minecraft:diamond_hoe":3,"minecraft:egg":1,"minecraft:furnace":1,"minecraft:stick":18,"minecraft:raw_iron":118,"minecraft:composter":1,"minecraft:oak_fence":17,"minecraft:torch":14,"minecraft:porkchop":1,"minecraft:music_disc_pigstep":4,"minecraft:diorite":152,"minecraft:carrot":212,"minecraft:rotten_flesh":59,"minecraft:diamond_chestplate":3,"minecraft:arrow":9,"minecraft:stone_shovel":1,"minecraft:beetroot_seeds":680,"minecraft:shears":2,"minecraft:diamond_boots":3,"minecraft:cobblestone":516,"minecraft:white_wool":5,"minecraft:cooked_beef":3,"minecraft:andesite":23,"minecraft:leather":4,"minecraft:smoker":2,"minecraft:potato":722,"minecraft:flint":12,"minecraft:oak_log":48,"minecraft:tuff":9,"minecraft:gunpowder":1,"minecraft:dirt":323,"minecraft:lapis_lazuli":81,"minecraft:blue_bed":1,"minecraft:bone":6,"minecraft:bow":1,"minecraft:wheat_seeds":915,"minecraft:raw_gold":25,"minecraft:iron_ingot":124,"minecraft:stone_hoe":1,"minecraft:oak_planks":46,"minecraft:oak_slab":19,"minecraft:poisonous_potato":4,"minecraft:gravel":28,"minecraft:blast_furnace":2,"minecraft:white_bed":1,"minecraft:barrel":3,"minecraft:diamond_shovel":3,"minecraft:diamond":67,"minecraft:diamond_axe":4,"minecraft:granite":64,"minecraft:bone_meal":318,"minecraft:baked_potato":13,"minecraft:oak_sapling":10,"minecraft:oak_leaves":41,"minecraft:netherrack":3,"minecraft:coal":442,"minecraft:diamond_pickaxe":3},"minecraft:killed_by":{"minecraft:player":1,"minecraft:enderman":1,"minecraft:zombie":1},"minecraft:custom":{"minecraft:mob_kills":37,"minecraft:animals_bred":33,"minecraft:interact_with_crafting_table":38,"minecraft:open_barrel":85,"minecraft:leave_game":10,"minecraft:time_since_death":168774,"minecraft:sprint_one_cm":315541,"minecraft:walk_one_cm":1653230,"minecraft:damage_blocked_by_shield":2670,"minecraft:drop":50,"minecraft:talked_to_villager":18,"minecraft:play_time":344993,"minecraft:deaths":3,"minecraft:sneak_time":8088,"minecraft:walk_under_water_one_cm":1192,"minecraft:boat_one_cm":48195,"minecraft:jump":2591,"minecraft:interact_with_blast_furnace":15,"minecraft:walk_on_water_one_cm":6909,"minecraft:total_world_time":344993,"minecraft:interact_with_furnace":11,"minecraft:play_record":4,"minecraft:traded_with_villager":17,"minecraft:sleep_in_bed":11,"minecraft:time_since_rest":10081,"minecraft:damage_taken":2034,"minecraft:damage_dealt":7109,"minecraft:swim_one_cm":9300,"minecraft:fly_one_cm":427038,"minecraft:open_chest":11,"minecraft:crouch_one_cm":17537,"minecraft:interact_with_smoker":25,"minecraft:fall_one_cm":56739},"minecraft:broken":{"minecraft:iron_pickaxe":1},"minecraft:mined":{"minecraft:diamond_ore":19,"minecraft:tuff":5,"minecraft:white_bed":1,"minecraft:deepslate_diamond_ore":30,"minecraft:granite":64,"minecraft:grass_block":132,"minecraft:furnace":1,"minecraft:carrots":61,"minecraft:cobbled_deepslate":1,"minecraft:iron_ore":109,"minecraft:barrel":2,"minecraft:andesite":22,"minecraft:deepslate_lapis_ore":4,"minecraft:potatoes":183,"minecraft:deepslate_iron_ore":9,"minecraft:stone":422,"minecraft:tripwire":1,"minecraft:smoker":1,"minecraft:oak_fence":17,"minecraft:crafting_table":6,"minecraft:cornflower":3,"minecraft:torch":2,"minecraft:blast_furnace":1,"minecraft:copper_ore":1,"minecraft:tall_grass":73,"minecraft:deepslate_gold_ore":4,"minecraft:lapis_ore":8,"minecraft:sugar_cane":48,"minecraft:oak_planks":14,"minecraft:diorite":88,"minecraft:blue_bed":1,"minecraft:wheat":296,"minecraft:white_carpet":2,"minecraft:grass":473,"minecraft:oak_log":48,"minecraft:coal_ore":185,"minecraft:beetroots":253,"minecraft:gravel":17,"minecraft:dirt":14,"minecraft:gold_ore":17,"minecraft:oak_leaves":51,"minecraft:deepslate":132},"minecraft:used":{"minecraft:oak_fence":47,"minecraft:diamond_hoe":442,"minecraft:chest":2,"minecraft:shield":47,"minecraft:torch":29,"minecraft:dirt":173,"minecraft:wheat":11,"minecraft:white_carpet":3,"minecraft:carrot":128,"minecraft:tuff":1,"minecraft:granite":27,"minecraft:music_disc_pigstep":4,"minecraft:oak_stairs":8,"minecraft:barrel":6,"minecraft:furnace":2,"minecraft:beetroot_seeds":327,"minecraft:egg":1,"minecraft:cooked_beef":5,"minecraft:potato":332,"minecraft:cobbled_deepslate":74,"minecraft:wheat_seeds":454,"minecraft:water_bucket":9,"minecraft:oak_planks":44,"minecraft:baked_potato":23,"minecraft:composter":1,"minecraft:blue_bed":2,"minecraft:diamond_axe":77,"minecraft:oak_leaves":22,"minecraft:oak_slab":4,"minecraft:crafting_table":8,"minecraft:blast_furnace":2,"minecraft:white_bed":1,"minecraft:shears":52,"minecraft:smoker":2,"minecraft:diamond_pickaxe":644,"minecraft:diamond_shovel":133,"minecraft:iron_pickaxe":499,"minecraft:blue_carpet":1,"minecraft:diamond_sword":182,"minecraft:cobblestone":20,"minecraft:cooked_porkchop":1,"minecraft:andesite":18,"minecraft:bucket":10,"minecraft:oak_boat":1,"minecraft:bone_meal":26},"minecraft:crafted":{"minecraft:smooth_stone":3,"minecraft:oak_planks":176,"minecraft:barrel":3,"minecraft:diamond_hoe":1,"minecraft:furnace":3,"minecraft:blast_furnace":1,"minecraft:stone":3,"minecraft:bone_meal":6,"minecraft:diamond_shovel":1,"minecraft:nether_brick":1,"minecraft:white_carpet":3,"minecraft:diamond_helmet":1,"minecraft:diamond_leggings":1,"minecraft:chest":2,"minecraft:diamond_boots":1,"minecraft:oak_fence":30,"minecraft:smoker":1,"minecraft:cooked_beef":7,"minecraft:oak_slab":30,"minecraft:diamond_sword":1,"minecraft:emerald":17,"minecraft:cooked_porkchop":1,"minecraft:diamond_axe":1,"minecraft:crafting_table":2,"minecraft:baked_potato":91,"minecraft:blue_bed":1,"minecraft:bucket":1,"minecraft:air":0,"minecraft:blue_dye":2,"minecraft:oak_boat":1,"minecraft:iron_chestplate":1,"minecraft:diamond_pickaxe":1,"minecraft:shield":1,"minecraft:stick":44,"minecraft:iron_ingot":60,"minecraft:iron_pickaxe":2,"minecraft:oak_stairs":8,"minecraft:gold_ingot":21,"minecraft:white_bed":1,"minecraft:composter":1,"minecraft:torch":28,"minecraft:shears":1,"minecraft:blue_carpet":1,"minecraft:diamond_chestplate":1},"minecraft:dropped":{"minecraft:iron_ingot":3,"minecraft:diamond_axe":1,"minecraft:baked_potato":7,"minecraft:stick":6,"minecraft:string":27,"minecraft:gravel":28,"minecraft:oak_trapdoor":3,"minecraft:raw_copper":5,"minecraft:stone_shovel":1,"minecraft:composter":1,"minecraft:rotten_flesh":2,"minecraft:shears":1,"minecraft:diamond_sword":1,"minecraft:potato":13,"minecraft:iron_chestplate":2,"minecraft:andesite":1,"minecraft:arrow":2},"minecraft:killed":{"minecraft:spider":3,"minecraft:phantom":1,"minecraft:skeleton":6,"minecraft:pig":1,"minecraft:creeper":1,"minecraft:zombie":20,"minecraft:enderman":1,"minecraft:cow":3}},"DataVersion":3465}