{"stats":{"minecraft:dropped":{"minecraft:iron_ingot":3,"minecraft:cobbled_deepslate":64,"minecraft:amethyst_block":3,"minecraft:leather_chestplate":1,"minecraft:dirt":1,"minecraft:cooked_cod":1,"minecraft:oak_sapling":1,"minecraft:wooden_pickaxe":1,"minecraft:calcite":1,"minecraft:string":7,"minecraft:smooth_basalt":2,"minecraft:egg":1},"minecraft:crafted":{"minecraft:cooked_cod":17,"minecraft:oak_planks":140,"minecraft:crafting_table":5,"minecraft:iron_helmet":2,"minecraft:wooden_pickaxe":3,"minecraft:iron_sword":1,"minecraft:furnace":5,"minecraft:bucket":1,"minecraft:birch_planks":20,"minecraft:stone_axe":2,"minecraft:air":0,"minecraft:oak_boat":5,"minecraft:iron_boots":2,"minecraft:iron_chestplate":2,"minecraft:shield":1,"minecraft:iron_hoe":1,"minecraft:stick":44,"minecraft:iron_ingot":96,"minecraft:iron_pickaxe":3,"minecraft:stone_pickaxe":3,"minecraft:stone_sword":2,"minecraft:gold_ingot":4,"minecraft:iron_leggings":2,"minecraft:torch":12},"minecraft:killed":{"minecraft:cave_spider":1,"minecraft:spider":5,"minecraft:bat":2,"minecraft:cod":19,"minecraft:creeper":3,"minecraft:skeleton":10,"minecraft:zombie":15},"minecraft:killed_by":{"minecraft:cave_spider":1,"minecraft:skeleton":2,"minecraft:creeper":1,"minecraft:spider":1},"minecraft:mined":{"minecraft:deepslate_redstone_ore":10,"minecraft:large_amethyst_bud":4,"minecraft:tuff":41,"minecraft:deepslate_diamond_ore":22,"minecraft:sculk_vein":16,"minecraft:amethyst_cluster":7,"minecraft:dandelion":1,"minecraft:crafting_table":15,"minecraft:granite":20,"minecraft:grass_block":3,"minecraft:calcite":1,"minecraft:sculk_sensor":2,"minecraft:cobblestone":7,"minecraft:lapis_ore":4,"minecraft:deepslate_gold_ore":11,"minecraft:sculk":299,"minecraft:diorite":9,"minecraft:amethyst_block":3,"minecraft:spawner":1,"minecraft:seagrass":1,"minecraft:sculk_catalyst":2,"minecraft:furnace":12,"minecraft:birch_log":5,"minecraft:iron_ore":77,"minecraft:cobbled_deepslate":3,"minecraft:andesite":14,"minecraft:deepslate_lapis_ore":4,"minecraft:sculk_shrieker":4,"minecraft:coal_ore":212,"minecraft:oak_log":35,"minecraft:deepslate_iron_ore":29,"minecraft:dirt":4,"minecraft:cobweb":15,"minecraft:smooth_basalt":3,"minecraft:stone":217,"minecraft:oak_leaves":8,"minecraft:deepslate":240},"minecraft:used":{"minecraft:water_bucket":17,"minecraft:diorite":1,"minecraft:stone_sword":129,"minecraft:stone_pickaxe":348,"minecraft:oak_planks":1,"minecraft:wooden_pickaxe":121,"minecraft:shield":38,"minecraft:iron_sword":50,"minecraft:rotten_flesh":7,"minecraft:torch":5,"minecraft:dirt":5,"minecraft:crafting_table":17,"minecraft:cod":1,"minecraft:tuff":5,"minecraft:iron_hoe":250,"minecraft:bread":2,"minecraft:iron_pickaxe":494,"minecraft:stone_axe":8,"minecraft:cobblestone":60,"minecraft:furnace":12,"minecraft:cooked_cod":13,"minecraft:andesite":4,"minecraft:bucket":18,"minecraft:oak_boat":6,"minecraft:egg":1,"minecraft:cobbled_deepslate":83},"minecraft:custom":{"minecraft:interact_with_furnace":88,"minecraft:mob_kills":58,"minecraft:interact_with_crafting_table":32,"minecraft:open_barrel":4,"minecraft:leave_game":13,"minecraft:time_since_death":302,"minecraft:time_since_rest":327,"minecraft:sprint_one_cm":202051,"minecraft:damage_taken":2662,"minecraft:walk_one_cm":458539,"minecraft:damage_blocked_by_shield":2460,"minecraft:drop":14,"minecraft:damage_dealt":7532,"minecraft:swim_one_cm":45440,"minecraft:talked_to_villager":7,"minecraft:fly_one_cm":224689,"minecraft:open_chest":7,"minecraft:crouch_one_cm":131068,"minecraft:play_time":181752,"minecraft:deaths":7,"minecraft:sneak_time":36958,"minecraft:walk_under_water_one_cm":31651,"minecraft:boat_one_cm":370035,"minecraft:jump":1983,"minecraft:walk_on_water_one_cm":26152,"minecraft:total_world_time":181752,"minecraft:fall_one_cm":51109},"minecraft:picked_up":{"minecraft:birch_log":5,"minecraft:iron_chestplate":1,"minecraft:crafting_table":18,"minecraft:leather_chestplate":1,"minecraft:andesite":14,"minecraft:wooden_pickaxe":3,"minecraft:tuff":45,"minecraft:oak_log":35,"minecraft:gunpowder":5,"minecraft:amethyst_block":3,"minecraft:lapis_lazuli":51,"minecraft:dirt":8,"minecraft:string":20,"minecraft:iron_leggings":1,"minecraft:bone":12,"minecraft:bow":1,"minecraft:cobbled_deepslate":176,"minecraft:raw_gold":11,"minecraft:stone_pickaxe":1,"minecraft:oak_boat":7,"minecraft:calcite":1,"minecraft:iron_pickaxe":1,"minecraft:oak_planks":40,"minecraft:furnace":14,"minecraft:iron_boots":1,"minecraft:egg":2,"minecraft:stick":12,"minecraft:raw_iron":133,"minecraft:smooth_basalt":3,"minecraft:amethyst_shard":28,"minecraft:diorite":9,"minecraft:redstone":47,"minecraft:spider_eye":1,"minecraft:stone_sword":2,"minecraft:arrow":12,"minecraft:rotten_flesh":15,"minecraft:cooked_cod":1,"minecraft:diamond":22,"minecraft:stone_axe":2,"minecraft:iron_helmet":1,"minecraft:granite":20,"minecraft:bone_meal":2,"minecraft:gold_ingot":2,"minecraft:oak_sapling":2,"minecraft:coal":762,"minecraft:cod":18,"minecraft:cobblestone":308},"minecraft:broken":{"minecraft:stone_pickaxe":2,"minecraft:stone_sword":1,"minecraft:iron_pickaxe":1,"minecraft:wooden_pickaxe":1,"minecraft:iron_hoe":1}},"DataVersion":3465}