{"stats":{"minecraft:dropped":{"minecraft:golden_boots":1,"minecraft:iron_ingot":59,"minecraft:wheat_seeds":1,"minecraft:cooked_beef":20,"minecraft:glow_ink_sac":12,"minecraft:tnt":2,"minecraft:dripstone_block":3,"minecraft:crossbow":1,"minecraft:feather":4,"minecraft:cobblestone":11,"minecraft:amethyst_block":3,"minecraft:granite":2,"minecraft:emerald":2,"minecraft:dirt":2,"minecraft:diorite":1,"minecraft:torch":3,"minecraft:cooked_cod":1,"minecraft:string":13,"minecraft:white_wool":1,"minecraft:smooth_basalt":2,"minecraft:redstone_block":36,"minecraft:oak_door":3,"minecraft:sugar_cane":256,"minecraft:stone_sword":1,"minecraft:cobbled_deepslate":103,"minecraft:tuff":5,"minecraft:wheat":2,"minecraft:pointed_dripstone":2,"minecraft:beetroot":1,"minecraft:leather_chestplate":1,"minecraft:gunpowder":3,"minecraft:oak_boat":1,"minecraft:oak_sapling":26,"minecraft:spider_eye":2,"minecraft:birch_boat":1,"minecraft:arrow":3,"minecraft:wooden_pickaxe":2,"minecraft:stone_pickaxe":1,"minecraft:calcite":1,"minecraft:netherrack":2,"minecraft:black_wool":1,"minecraft:egg":1},"minecraft:mined":{"minecraft:large_amethyst_bud":4,"minecraft:tuff":47,"minecraft:deepslate_diamond_ore":32,"minecraft:oak_door":4,"minecraft:sculk_vein":16,"minecraft:granite":20,"minecraft:grass_block":3,"minecraft:composter":1,"minecraft:spawner":1,"minecraft:sculk_catalyst":2,"minecraft:furnace":16,"minecraft:carrots":80,"minecraft:iron_ore":111,"minecraft:cobbled_deepslate":3,"minecraft:andesite":14,"minecraft:deepslate_lapis_ore":4,"minecraft:fletching_table":1,"minecraft:sculk_shrieker":4,"minecraft:pointed_dripstone":2,"minecraft:deepslate_iron_ore":84,"minecraft:oak_stairs":1,"minecraft:stone":261,"minecraft:tripwire":8,"minecraft:deepslate_redstone_ore":84,"minecraft:oak_slab":1,"minecraft:redstone_block":1,"minecraft:medium_amethyst_bud":1,"minecraft:amethyst_cluster":7,"minecraft:dandelion":1,"minecraft:crafting_table":22,"minecraft:torch":1,"minecraft:calcite":1,"minecraft:chest":1,"minecraft:sculk_sensor":2,"minecraft:lectern":106,"minecraft:nether_quartz_ore":4,"minecraft:tall_grass":18,"minecraft:cobblestone":10,"minecraft:lapis_ore":4,"minecraft:deepslate_gold_ore":15,"minecraft:sugar_cane":194,"minecraft:oak_planks":4,"minecraft:sculk":299,"minecraft:diorite":10,"minecraft:wall_torch":1,"minecraft:amethyst_block":3,"minecraft:seagrass":1,"minecraft:birch_log":7,"minecraft:wheat":107,"minecraft:tnt":2,"minecraft:grass":18,"minecraft:coal_ore":283,"minecraft:oak_log":254,"minecraft:beetroots":1,"minecraft:gravel":13,"minecraft:dirt":6,"minecraft:cobweb":15,"minecraft:smooth_basalt":3,"minecraft:netherrack":16,"minecraft:oak_leaves":81,"minecraft:deepslate":305},"minecraft:custom":{"minecraft:mob_kills":163,"minecraft:interact_with_anvil":1,"minecraft:interact_with_crafting_table":81,"minecraft:open_barrel":18,"minecraft:leave_game":24,"minecraft:time_since_death":253617,"minecraft:sprint_one_cm":598498,"minecraft:walk_one_cm":1081437,"minecraft:damage_blocked_by_shield":4090,"minecraft:drop":59,"minecraft:talked_to_villager":176,"minecraft:play_time":440781,"minecraft:deaths":8,"minecraft:sneak_time":50554,"minecraft:walk_under_water_one_cm":50383,"minecraft:boat_one_cm":530730,"minecraft:jump":5257,"minecraft:walk_on_water_one_cm":61115,"minecraft:total_world_time":440781,"minecraft:interact_with_furnace":167,"minecraft:play_record":1,"minecraft:traded_with_villager":54,"minecraft:interact_with_grindstone":1,"minecraft:sleep_in_bed":3,"minecraft:time_since_rest":40130,"minecraft:damage_taken":3939,"minecraft:trigger_trapped_chest":2,"minecraft:damage_dealt":20978,"minecraft:swim_one_cm":97012,"minecraft:fly_one_cm":890695,"minecraft:open_chest":83,"minecraft:crouch_one_cm":170349,"minecraft:interact_with_smoker":3,"minecraft:fall_one_cm":132621,"minecraft:horse_one_cm":213587},"minecraft:crafted":{"minecraft:oak_door":3,"minecraft:oak_planks":996,"minecraft:birch_boat":1,"minecraft:cooked_chicken":18,"minecraft:furnace":8,"minecraft:bookshelf":1,"minecraft:cooked_mutton":30,"minecraft:iron_boots":3,"minecraft:iron_axe":1,"minecraft:iron_hoe":1,"minecraft:stone_pickaxe":4,"minecraft:chest":2,"minecraft:redstone_block":36,"minecraft:golden_boots":1,"minecraft:cooked_beef":35,"minecraft:cooked_cod":17,"minecraft:oak_slab":6,"minecraft:emerald":52,"minecraft:cooked_porkchop":17,"minecraft:crafting_table":7,"minecraft:wooden_pickaxe":4,"minecraft:baked_potato":17,"minecraft:iron_helmet":3,"minecraft:iron_sword":2,"minecraft:fletching_table":1,"minecraft:birch_planks":28,"minecraft:bucket":2,"minecraft:stone_axe":3,"minecraft:enchanted_book":2,"minecraft:bread":29,"minecraft:air":0,"minecraft:oak_boat":7,"minecraft:lectern":1,"minecraft:book":5,"minecraft:iron_chestplate":3,"minecraft:paper":63,"minecraft:diamond_pickaxe":1,"minecraft:shield":2,"minecraft:stick":1732,"minecraft:iron_ingot":185,"minecraft:iron_pickaxe":5,"minecraft:stone_sword":3,"minecraft:gold_ingot":8,"minecraft:iron_leggings":3,"minecraft:white_bed":6,"minecraft:torch":20},"minecraft:picked_up":{"minecraft:crafting_table":25,"minecraft:iron_chestplate":1,"minecraft:wheat":89,"minecraft:redstone_block":73,"minecraft:chicken":19,"minecraft:wooden_pickaxe":3,"minecraft:amethyst_block":3,"minecraft:string":50,"minecraft:iron_leggings":1,"minecraft:beetroot":1,"minecraft:cobbled_deepslate":243,"minecraft:beef":35,"minecraft:oak_boat":9,"minecraft:calcite":1,"minecraft:observer":1,"minecraft:iron_pickaxe":1,"minecraft:lectern":106,"minecraft:sugar_cane":752,"minecraft:chest":1,"minecraft:furnace":18,"minecraft:phantom_membrane":1,"minecraft:iron_boots":1,"minecraft:egg":3,"minecraft:stick":35,"minecraft:raw_iron":222,"minecraft:oak_door":4,"minecraft:composter":1,"minecraft:torch":2,"minecraft:porkchop":18,"minecraft:diorite":10,"minecraft:pointed_dripstone":2,"minecraft:music_disc_pigstep":1,"minecraft:carrot":305,"minecraft:redstone":385,"minecraft:tnt":6,"minecraft:stone_sword":2,"minecraft:arrow":23,"minecraft:rotten_flesh":45,"minecraft:cooked_cod":1,"minecraft:beetroot_seeds":2,"minecraft:gold_ingot":2,"minecraft:mutton":31,"minecraft:cod":18,"minecraft:white_wool":20,"minecraft:cobblestone":355,"minecraft:birch_log":7,"minecraft:leather_chestplate":1,"minecraft:feather":16,"minecraft:cooked_beef":22,"minecraft:glow_ink_sac":36,"minecraft:water_bucket":1,"minecraft:andesite":14,"minecraft:leather":33,"minecraft:potato":1,"minecraft:flint":2,"minecraft:oak_log":253,"minecraft:tuff":50,"minecraft:golden_boots":1,"minecraft:gunpowder":8,"minecraft:lapis_lazuli":51,"minecraft:dirt":10,"minecraft:bone":32,"minecraft:apple":2,"minecraft:bow":1,"minecraft:wheat_seeds":313,"minecraft:raw_gold":15,"minecraft:stone_pickaxe":1,"minecraft:iron_ingot":112,"minecraft:fletching_table":1,"minecraft:oak_planks":123,"minecraft:oak_slab":1,"minecraft:smooth_basalt":3,"minecraft:quartz":4,"minecraft:dripstone_block":3,"minecraft:gravel":11,"minecraft:amethyst_shard":28,"minecraft:ink_sac":1,"minecraft:spider_eye":3,"minecraft:diamond":39,"minecraft:stone_axe":2,"minecraft:iron_helmet":1,"minecraft:crossbow":1,"minecraft:granite":22,"minecraft:bone_meal":2,"minecraft:emerald":2,"minecraft:oak_sapling":55,"minecraft:black_wool":1,"minecraft:netherrack":14,"minecraft:coal":952},"minecraft:broken":{"minecraft:stone_sword":1,"minecraft:stone_pickaxe":2,"minecraft:wooden_pickaxe":1,"minecraft:iron_axe":1,"minecraft:stone_axe":1,"minecraft:iron_pickaxe":2,"minecraft:iron_hoe":1},"minecraft:used":{"minecraft:stone_sword":139,"minecraft:chest":3,"minecraft:shield":61,"minecraft:iron_sword":252,"minecraft:rotten_flesh":7,"minecraft:netherrack":9,"minecraft:oak_door":4,"minecraft:iron_chestplate":1,"minecraft:torch":11,"minecraft:dirt":5,"minecraft:carrot":107,"minecraft:tuff":5,"minecraft:iron_hoe":250,"minecraft:music_disc_pigstep":1,"minecraft:iron_axe":242,"minecraft:iron_helmet":1,"minecraft:furnace":19,"minecraft:oak_sapling":6,"minecraft:cooked_cod":13,"minecraft:beetroot_seeds":1,"minecraft:egg":2,"minecraft:cooked_beef":1,"minecraft:potato":1,"minecraft:cobbled_deepslate":103,"minecraft:iron_leggings":1,"minecraft:golden_boots":1,"minecraft:wheat_seeds":107,"minecraft:water_bucket":68,"minecraft:diorite":1,"minecraft:oak_planks":8,"minecraft:stone_pickaxe":468,"minecraft:baked_potato":14,"minecraft:wooden_pickaxe":144,"minecraft:redstone_block":1,"minecraft:fletching_table":2,"minecraft:crafting_table":25,"minecraft:oak_slab":1,"minecraft:cod":1,"minecraft:oak_log":4,"minecraft:diamond_pickaxe":3,"minecraft:bread":2,"minecraft:string":17,"minecraft:iron_pickaxe":746,"minecraft:lectern":107,"minecraft:stone_axe":131,"minecraft:cobblestone":72,"minecraft:bucket":70,"minecraft:cooked_porkchop":3,"minecraft:andesite":4,"minecraft:oak_boat":8},"minecraft:killed":{"minecraft:cave_spider":1,"minecraft:spider":10,"minecraft:cod":19,"minecraft:phantom":1,"minecraft:skeleton":19,"minecraft:chicken":19,"minecraft:piglin":1,"minecraft:pig":8,"minecraft:zombie_villager":1,"minecraft:bat":2,"minecraft:squid":1,"minecraft:hoglin":1,"minecraft:creeper":6,"minecraft:sheep":21,"minecraft:zombie":34,"minecraft:cow":15},"minecraft:killed_by":{"minecraft:creeper":1,"minecraft:spider":1,"minecraft:cave_spider":1,"minecraft:skeleton":3}},"DataVersion":3465}