{"stats":{"minecraft:dropped":{"minecraft:wheat_seeds":3,"minecraft:wooden_axe":1,"minecraft:emerald":2},"minecraft:mined":{"minecraft:crafting_table":1,"minecraft:grass":23,"minecraft:grass_block":2,"minecraft:oak_log":6,"minecraft:dirt":3,"minecraft:oak_leaves":1},"minecraft:custom":{"minecraft:time_since_rest":6558,"minecraft:sprint_one_cm":54295,"minecraft:damage_taken":505,"minecraft:walk_one_cm":40138,"minecraft:mob_kills":2,"minecraft:drop":6,"minecraft:damage_dealt":377,"minecraft:interact_with_crafting_table":3,"minecraft:swim_one_cm":1078,"minecraft:fly_one_cm":112369,"minecraft:open_chest":3,"minecraft:crouch_one_cm":5114,"minecraft:play_time":26462,"minecraft:deaths":1,"minecraft:sneak_time":1367,"minecraft:walk_under_water_one_cm":822,"minecraft:jump":617,"minecraft:leave_game":2,"minecraft:walk_on_water_one_cm":569,"minecraft:time_since_death":6469,"minecraft:sleep_in_bed":2,"minecraft:total_world_time":26462,"minecraft:fall_one_cm":17318},"minecraft:crafted":{"minecraft:oak_planks":24,"minecraft:crafting_table":1,"minecraft:stick":8,"minecraft:wooden_pickaxe":1,"minecraft:wooden_axe":1},"minecraft:picked_up":{"minecraft:wooden_axe":1,"minecraft:crafting_table":1,"minecraft:porkchop":2,"minecraft:oak_log":6,"minecraft:dirt":5,"minecraft:arrow":2,"minecraft:bow":1,"minecraft:wheat_seeds":3,"minecraft:baked_potato":9,"minecraft:oak_sapling":1,"minecraft:coal":64},"minecraft:used":{"minecraft:wooden_axe":4,"minecraft:baked_potato":5,"minecraft:dirt":5,"minecraft:crafting_table":1,"minecraft:porkchop":1},"minecraft:killed":{"minecraft:skeleton":1,"minecraft:pig":1}},"DataVersion":3465}