{"stats":{"minecraft:dropped":{"minecraft:oak_slab":3,"minecraft:wheat_seeds":35,"minecraft:cooked_beef":15,"minecraft:warped_fungus":3,"minecraft:baked_potato":1,"minecraft:mossy_cobblestone":11,"minecraft:crossbow":3,"minecraft:feather":1,"minecraft:cobblestone":31,"minecraft:granite":2,"minecraft:stick":4,"minecraft:cobblestone_stairs":11,"minecraft:dirt":1,"minecraft:diorite":5,"minecraft:torch":9,"minecraft:crimson_roots":5,"minecraft:brown_wool":1,"minecraft:oak_stairs":142,"minecraft:bone_meal":315,"minecraft:iron_axe":1,"minecraft:string":10,"minecraft:bone":13,"minecraft:dandelion":1,"minecraft:oak_door":3,"minecraft:bricks":1,"minecraft:cobblestone_wall":1,"minecraft:tuff":3,"minecraft:wheat":13,"minecraft:rotten_flesh":3,"minecraft:oak_planks":3,"minecraft:carrot":8,"minecraft:potato":17,"minecraft:gunpowder":1,"minecraft:andesite":15,"minecraft:oak_sapling":2,"minecraft:spider_eye":2,"minecraft:arrow":12,"minecraft:bow":4,"minecraft:beef":71,"minecraft:quartz":109,"minecraft:netherrack":8,"minecraft:egg":1},"minecraft:crafted":{"minecraft:grindstone":1,"minecraft:oak_planks":908,"minecraft:cooked_chicken":1,"minecraft:furnace":2,"minecraft:stone":3,"minecraft:bone_meal":378,"minecraft:bookshelf":17,"minecraft:cooked_mutton":13,"minecraft:bow":5,"minecraft:iron_axe":5,"minecraft:stone_pickaxe":1,"minecraft:chest":2,"minecraft:golden_boots":1,"minecraft:smoker":1,"minecraft:wheat":243,"minecraft:cooked_beef":27,"minecraft:oak_slab":12,"minecraft:crossbow":3,"minecraft:crimson_planks":72,"minecraft:arrow":128,"minecraft:emerald":46,"minecraft:cooked_porkchop":10,"minecraft:crafting_table":1,"minecraft:wooden_pickaxe":1,"minecraft:baked_potato":128,"minecraft:iron_helmet":1,"minecraft:fletching_table":1,"minecraft:bucket":1,"minecraft:stone_axe":1,"minecraft:bread":96,"minecraft:air":0,"minecraft:book":53,"minecraft:iron_chestplate":1,"minecraft:paper":192,"minecraft:diamond_pickaxe":1,"minecraft:shield":2,"minecraft:stick":1216,"minecraft:stone_slab":6,"minecraft:iron_ingot":203,"minecraft:iron_pickaxe":6,"minecraft:iron_leggings":1,"minecraft:gold_ingot":19,"minecraft:composter":1},"minecraft:killed":{"minecraft:spider":11,"minecraft:skeleton":23,"minecraft:chicken":1,"minecraft:drowned":1,"minecraft:pig":5,"minecraft:creeper":6,"minecraft:sheep":9,"minecraft:zombie":29,"minecraft:villager":1,"minecraft:cow":49},"minecraft:mined":{"minecraft:tuff":3,"minecraft:white_bed":1,"minecraft:mossy_cobblestone":11,"minecraft:deepslate_diamond_ore":7,"minecraft:oak_door":3,"minecraft:cobblestone_stairs":11,"minecraft:brewing_stand":2,"minecraft:granite":3,"minecraft:grass_block":5,"minecraft:crimson_roots":4,"minecraft:weeping_vines":1,"minecraft:composter":32,"minecraft:crimson_stem":19,"minecraft:hay_block":27,"minecraft:smooth_stone":8,"minecraft:furnace":1,"minecraft:carrots":71,"minecraft:iron_ore":150,"minecraft:andesite":12,"minecraft:fletching_table":12,"minecraft:bookshelf":5,"minecraft:potatoes":81,"minecraft:water_cauldron":4,"minecraft:deepslate_iron_ore":53,"minecraft:oak_stairs":147,"minecraft:stripped_oak_log":52,"minecraft:bamboo":3,"minecraft:stone":356,"minecraft:bone_block":35,"minecraft:oak_slab":3,"minecraft:glass_pane":7,"minecraft:crimson_nylium":47,"minecraft:smoker":1,"minecraft:crafting_table":8,"minecraft:torch":1,"minecraft:blast_furnace":7,"minecraft:chest":1,"minecraft:lectern":1,"minecraft:nether_quartz_ore":116,"minecraft:tall_grass":27,"minecraft:cobblestone":235,"minecraft:deepslate_gold_ore":14,"minecraft:lapis_ore":7,"minecraft:sugar_cane":423,"minecraft:oak_planks":46,"minecraft:bricks":1,"minecraft:diorite":3,"minecraft:wall_torch":2,"minecraft:cobblestone_wall":1,"minecraft:wheat":6,"minecraft:birch_leaves":1,"minecraft:yellow_bed":1,"minecraft:warped_fungus":6,"minecraft:grass":132,"minecraft:oak_log":380,"minecraft:coal_ore":147,"minecraft:gravel":31,"minecraft:dirt":6,"minecraft:stonecutter":1,"minecraft:netherrack":242,"minecraft:gold_ore":6,"minecraft:oak_leaves":27,"minecraft:deepslate":47},"minecraft:used":{"minecraft:chest":3,"minecraft:shield":68,"minecraft:cooked_chicken":1,"minecraft:netherrack":191,"minecraft:dirt":21,"minecraft:carrot":71,"minecraft:granite":1,"minecraft:bookshelf":17,"minecraft:iron_axe":872,"minecraft:bamboo":8,"minecraft:warped_fungus":3,"minecraft:furnace":2,"minecraft:cooked_beef":12,"minecraft:potato":68,"minecraft:cobbled_deepslate":4,"minecraft:cooked_mutton":13,"minecraft:water_bucket":15,"minecraft:diorite":3,"minecraft:baked_potato":4,"minecraft:oak_planks":16,"minecraft:stone_pickaxe":131,"minecraft:wooden_pickaxe":59,"minecraft:composter":31,"minecraft:fletching_table":13,"minecraft:sugar_cane":159,"minecraft:crafting_table":9,"minecraft:blast_furnace":5,"minecraft:white_bed":1,"minecraft:smoker":2,"minecraft:apple":8,"minecraft:bread":8,"minecraft:iron_pickaxe":1353,"minecraft:gravel":30,"minecraft:stone_axe":90,"minecraft:cobblestone":177,"minecraft:grindstone":1,"minecraft:cooked_porkchop":10,"minecraft:bucket":16,"minecraft:andesite":8,"minecraft:yellow_bed":1,"minecraft:bone_meal":63,"minecraft:dandelion":1},"minecraft:custom":{"minecraft:mob_kills":136,"minecraft:animals_bred":47,"minecraft:interact_with_crafting_table":32,"minecraft:open_barrel":6,"minecraft:bell_ring":1,"minecraft:leave_game":5,"minecraft:time_since_death":236289,"minecraft:climb_one_cm":132,"minecraft:sprint_one_cm":635193,"minecraft:walk_one_cm":648611,"minecraft:damage_blocked_by_shield":5493,"minecraft:drop":114,"minecraft:talked_to_villager":58,"minecraft:play_time":236289,"minecraft:sneak_time":36363,"minecraft:walk_under_water_one_cm":6951,"minecraft:jump":4883,"minecraft:interact_with_blast_furnace":40,"minecraft:walk_on_water_one_cm":31482,"minecraft:enchant_item":4,"minecraft:total_world_time":236289,"minecraft:interact_with_furnace":10,"minecraft:traded_with_villager":78,"minecraft:interact_with_grindstone":3,"minecraft:sleep_in_bed":9,"minecraft:time_since_rest":4900,"minecraft:damage_taken":2208,"minecraft:damage_dealt":21507,"minecraft:fly_one_cm":1083220,"minecraft:swim_one_cm":74301,"minecraft:player_kills":1,"minecraft:open_chest":73,"minecraft:crouch_one_cm":146075,"minecraft:interact_with_smoker":21,"minecraft:fall_one_cm":117401},"minecraft:picked_up":{"minecraft:crafting_table":8,"minecraft:wheat":12,"minecraft:chicken":1,"minecraft:oak_stairs":142,"minecraft:brewing_stand":2,"minecraft:string":10,"minecraft:smooth_stone":8,"minecraft:cobbled_deepslate":45,"minecraft:beef":98,"minecraft:lectern":1,"minecraft:sugar_cane":569,"minecraft:chest":1,"minecraft:furnace":1,"minecraft:egg":1,"minecraft:stick":2,"minecraft:raw_iron":203,"minecraft:oak_door":3,"minecraft:composter":32,"minecraft:torch":14,"minecraft:porkchop":10,"minecraft:diorite":8,"minecraft:carrot":233,"minecraft:cauldron":4,"minecraft:arrow":33,"minecraft:rotten_flesh":24,"minecraft:hay_block":27,"minecraft:mutton":13,"minecraft:cobblestone":598,"minecraft:bone_block":35,"minecraft:white_wool":8,"minecraft:stripped_oak_log":52,"minecraft:feather":1,"minecraft:crimson_stem":18,"minecraft:andesite":23,"minecraft:brown_wool":1,"minecraft:leather":53,"minecraft:smoker":1,"minecraft:potato":293,"minecraft:flint":2,"minecraft:tuff":3,"minecraft:oak_log":371,"minecraft:yellow_bed":1,"minecraft:gunpowder":3,"minecraft:cobblestone_wall":1,"minecraft:cobblestone_stairs":11,"minecraft:dirt":22,"minecraft:lapis_lazuli":55,"minecraft:bone":35,"minecraft:stonecutter":1,"minecraft:wheat_seeds":35,"minecraft:raw_gold":19,"minecraft:iron_ingot":1,"minecraft:fletching_table":12,"minecraft:bamboo":8,"minecraft:oak_planks":46,"minecraft:book":15,"minecraft:oak_slab":3,"minecraft:warped_fungus":6,"minecraft:quartz":109,"minecraft:dandelion":2,"minecraft:gravel":30,"minecraft:blast_furnace":7,"minecraft:white_bed":1,"minecraft:spider_eye":2,"minecraft:mossy_cobblestone":11,"minecraft:diamond":7,"minecraft:granite":3,"minecraft:oak_sapling":2,"minecraft:netherrack":271,"minecraft:coal":339,"minecraft:bricks":1,"minecraft:crimson_roots":5},"minecraft:broken":{"minecraft:leather_helmet":1,"minecraft:wooden_pickaxe":1,"minecraft:stone_pickaxe":1,"minecraft:shield":1,"minecraft:iron_axe":3,"minecraft:leather_boots":1,"minecraft:stone_axe":1,"minecraft:iron_pickaxe":5}},"DataVersion":3465}